Date,Close,Ticker,CloseClass
2013-01-03,0.0054080629301868,CSCO,1
2013-01-04,0.0014669926650367,CSCO,1
2013-01-07,-0.0092773437500001,CSCO,-1
2013-01-08,0.00098570724494823,CSCO,1
2013-01-09,-0.00049236829148193,CSCO,-1
2013-01-10,0.006896551724138,CSCO,1
2013-01-11,0.0019569471624266,CSCO,1
2013-01-14,0.02392578125,CSCO,1
2013-01-15,0.00047687172150699,CSCO,1
2013-01-16,0.0023832221163013,CSCO,1
2013-01-17,-0.0038040893961009,CSCO,-1
2013-01-18,0.0033412887828162,CSCO,1
2013-01-22,-0.0071360608943862,CSCO,-1
2013-01-23,-0.011978917105894,CSCO,-1
2013-01-24,0.019398642095053,CSCO,1
2013-01-25,0.0061845861084681,CSCO,1
2013-01-28,-0.0042553191489362,CSCO,-1
2013-01-29,-0.01329534662868,CSCO,-1
2013-01-30,-0.0096246390760348,CSCO,-1
2013-01-31,-0.00048590864917386,CSCO,-1
2013-02-01,0.012639766650462,CSCO,1
2013-02-04,-0.00048007681228987,CSCO,-1
2013-02-05,0.012487992315082,CSCO,1
2013-02-06,0.0052182163187857,CSCO,1
2013-02-07,-0.0042472864558754,CSCO,-1
2013-02-08,0.0028436018957345,CSCO,1
2013-02-11,0.0051984877126654,CSCO,1
2013-02-12,-0.01410437235543,CSCO,-1
2013-02-13,0.0081068192656176,CSCO,1
2013-02-14,-0.0070955534531694,CSCO,-1
2013-02-15,0.0,CSCO,0
2013-02-19,0.022391615054788,CSCO,1
2013-02-20,-0.016775396085741,CSCO,-1
2013-02-21,-0.016113744075829,CSCO,-1
2013-02-22,0.0067437379576106,CSCO,1
2013-02-25,-0.011483253588517,CSCO,-1
2013-02-26,-0.0024201355275896,CSCO,-1
2013-02-27,0.013585638039787,CSCO,1
2013-02-28,-0.0014360938247966,CSCO,-1
2013-03-01,-0.00143815915628,CSCO,-1
2013-03-04,-0.0043206913106097,CSCO,-1
2013-03-05,0.023143683702989,CSCO,1
2013-03-06,0.023562676720075,CSCO,1
2013-03-07,0.0036832412523021,CSCO,1
2013-03-08,0.0013761467889907,CSCO,1
2013-03-11,0.0022904260192396,CSCO,1
2013-03-12,-0.0082266910420475,CSCO,-1
2013-03-13,-0.0055299539170507,CSCO,-1
2013-03-14,0.00046339202965716,CSCO,1
2013-03-15,0.01528485409912,CSCO,1
2013-03-18,-0.011405109489051,CSCO,-1
2013-03-19,-0.0069220119981542,CSCO,-1
2013-03-20,0.0069702602230484,CSCO,1
2013-03-21,-0.03830179972312,CSCO,-1
2013-03-22,-0.0043186180422265,CSCO,-1
2013-03-25,0.0048192771084338,CSCO,1
2013-03-26,-0.00047961630695451,CSCO,-1
2013-03-27,-0.00047984644913635,CSCO,-1
2013-03-28,0.0033605376860298,CSCO,1
2013-04-01,-0.0033492822966507,CSCO,-1
2013-04-02,0.018722995679309,CSCO,1
2013-04-03,-0.000942507068803,CSCO,-1
2013-04-04,-0.0075471698113208,CSCO,-1
2013-04-05,-0.020437262357414,CSCO,-1
2013-04-08,-0.0019408054342552,CSCO,-1
2013-04-09,0.019445794846864,CSCO,1
2013-04-10,0.023843586075346,CSCO,1
2013-04-11,0.0097810898928738,CSCO,1
2013-04-12,-0.0064575645756458,CSCO,-1
2013-04-15,-0.022748375116063,CSCO,-1
2013-04-16,0.0052256532066508,CSCO,1
2013-04-17,-0.025047258979206,CSCO,-1
2013-04-18,-0.0024236548715463,CSCO,-1
2013-04-19,-0.0058309037900873,CSCO,-1
2013-04-22,0.0063538611925708,CSCO,1
2013-04-23,0.015541525012142,CSCO,1
2013-04-24,-0.024868483978957,CSCO,-1
2013-04-25,0.012260912211869,CSCO,1
2013-04-26,0.0014534883720931,CSCO,1
2013-04-29,0.014997581035317,CSCO,1
2013-04-30,-0.0028598665395614,CSCO,-1
2013-05-01,-0.025812619502868,CSCO,-1
2013-05-02,0.017173699705594,CSCO,1
2013-05-03,0.0048239266763144,CSCO,1
2013-05-06,-0.00096015362457991,CSCO,-1
2013-05-07,-0.020663142719846,CSCO,-1
2013-05-08,0.016683022571148,CSCO,1
2013-05-09,0.0053088803088803,CSCO,1
2013-05-10,0.012962073931829,CSCO,1
2013-05-13,0.0080568720379146,CSCO,1
2013-05-14,0.0,CSCO,0
2013-05-15,-0.002820874471086,CSCO,-1
2013-05-16,0.12635549269213,CSCO,1
2013-05-17,0.014650481372959,CSCO,1
2013-05-20,-0.012376237623762,CSCO,-1
2013-05-21,0.0029239766081871,CSCO,1
2013-05-22,-0.027905039566847,CSCO,-1
2013-05-23,0.0072836332476436,CSCO,1
2013-05-24,0.00085070182900891,CSCO,1
2013-05-28,0.015299617509562,CSCO,1
2013-05-29,0.0096274591879448,CSCO,1
2013-05-30,0.010364842454395,CSCO,1
2013-05-31,-0.010258514567091,CSCO,-1
2013-06-03,0.01077943615257,CSCO,1
2013-06-04,-0.00082034454470876,CSCO,-1
2013-06-05,-0.0016420361247947,CSCO,-1
2013-06-06,0.0094572368421053,CSCO,1
2013-06-07,-0.0024439918533606,CSCO,-1
2013-06-10,-0.0053082890975908,CSCO,-1
2013-06-11,-0.011904761904762,CSCO,-1
2013-06-12,-0.0033236393851268,CSCO,-1
2013-06-13,0.015006252605252,CSCO,1
2013-06-14,-0.010677618069815,CSCO,-1
2013-06-17,0.025321710253217,CSCO,1
2013-06-18,0.0048582995951417,CSCO,1
2013-06-19,-0.0056406124093473,CSCO,-1
2013-06-20,-0.0097244732576985,CSCO,-1
2013-06-21,0.0016366612111293,CSCO,1
2013-06-24,-0.017156862745098,CSCO,-1
2013-06-25,-0.0024937655860349,CSCO,-1
2013-06-26,0.015833333333333,CSCO,1
2013-06-27,0.01025430680886,CSCO,1
2013-06-28,-0.011774259033699,CSCO,-1
2013-07-01,0.0,CSCO,0
2013-07-02,-0.00082169268693507,CSCO,-1
2013-07-03,0.011101973684211,CSCO,1
2013-07-05,-0.00081333875559169,CSCO,-1
2013-07-08,0.0020350020350021,CSCO,1
2013-07-09,0.021933387489846,CSCO,1
2013-07-10,0.0099364069952305,CSCO,1
2013-07-11,0.0181031090122,CSCO,1
2013-07-12,0.0027058368766912,CSCO,1
2013-07-15,-0.00038550501156521,CSCO,-1
2013-07-16,-0.0084843810258388,CSCO,-1
2013-07-17,0.0003889537145079,CSCO,1
2013-07-18,0.005443234836703,CSCO,1
2013-07-19,-0.0015467904098994,CSCO,-1
2013-07-22,-0.0038729666924865,CSCO,-1
2013-07-23,-0.0062208398133748,CSCO,-1
2013-07-24,0.0011737089201878,CSCO,1
2013-07-25,-0.0035169988276671,CSCO,-1
2013-07-26,0.0,CSCO,0
2013-07-29,-0.0066666666666667,CSCO,-1
2013-07-30,0.013422818791946,CSCO,1
2013-07-31,-0.0031164783794313,CSCO,-1
2013-08-01,0.011723329425557,CSCO,1
2013-08-02,0.011587485515643,CSCO,1
2013-08-05,0.0045819014891179,CSCO,1
2013-08-06,-0.0038008361839604,CSCO,-1
2013-08-07,-0.0034338038916444,CSCO,-1
2013-08-08,0.0053598774885146,CSCO,1
2013-08-09,-0.007996953541508,CSCO,-1
2013-08-12,0.011132437619962,CSCO,1
2013-08-13,-0.00075930144267272,CSCO,-1
2013-08-14,0.0022796352583586,CSCO,1
2013-08-15,-0.072024260803639,CSCO,-1
2013-08-16,-0.0085784313725491,CSCO,-1
2013-08-19,0.0,CSCO,0
2013-08-20,0.0020601565718995,CSCO,1
2013-08-21,-0.010279605263158,CSCO,-1
2013-08-22,-0.002492729538845,CSCO,-1
2013-08-23,-0.0062473969179509,CSCO,-1
2013-08-26,-0.001257334450964,CSCO,-1
2013-08-27,-0.014687368862778,CSCO,-1
2013-08-28,-0.0017035775127768,CSCO,-1
2013-08-29,0.00042662116040947,CSCO,1
2013-08-30,-0.0059701492537314,CSCO,-1
2013-09-03,0.0072930072930074,CSCO,1
2013-09-04,0.012350936967632,CSCO,1
2013-09-05,-0.0033655868742111,CSCO,-1
2013-09-06,-0.0059096665259603,CSCO,-1
2013-09-09,0.015711252653928,CSCO,1
2013-09-10,0.010033444816053,CSCO,1
2013-09-11,0.0091059602649006,CSCO,1
2013-09-12,-0.0036915504511895,CSCO,-1
2013-09-13,0.0012350761630301,CSCO,1
2013-09-16,0.0024671052631578,CSCO,1
2013-09-17,-0.00041017227235431,CSCO,-1
2013-09-18,0.017644645055396,CSCO,1
2013-09-19,-0.007258064516129,CSCO,-1
2013-09-20,-0.00446791226645,CSCO,-1
2013-09-23,-0.0093839249286006,CSCO,-1
2013-09-24,-0.0057660626029654,CSCO,-1
2013-09-25,0.012013256006628,CSCO,1
2013-09-26,-0.027015963978715,CSCO,-1
2013-09-27,-0.018510727808162,CSCO,-1
2013-09-30,0.0042863266180884,CSCO,1
2013-10-01,-0.0081092616303884,CSCO,-1
2013-10-02,0.0034423407917385,CSCO,1
2013-10-03,-0.013722126929674,CSCO,-1
2013-10-04,0.00086956521739129,CSCO,1
2013-10-07,-0.0056472632493483,CSCO,-1
2013-10-08,-0.010921799912626,CSCO,-1
2013-10-09,-0.0061837455830389,CSCO,-1
2013-10-10,0.022666666666667,CSCO,1
2013-10-11,0.011734028683181,CSCO,1
2013-10-14,0.0025773195876288,CSCO,1
2013-10-15,-0.0068551842330763,CSCO,-1
2013-10-16,-0.0077653149266609,CSCO,-1
2013-10-17,-0.0095652173913043,CSCO,-1
2013-10-18,0.0079016681299385,CSCO,1
2013-10-21,-0.0013066202090593,CSCO,-1
2013-10-22,-0.012211077191452,CSCO,-1
2013-10-23,-0.017218543046357,CSCO,-1
2013-10-24,0.0049415992812219,CSCO,1
2013-10-25,0.0040232454179705,CSCO,1
2013-10-28,0.0040071237756011,CSCO,1
2013-10-29,0.011973392461197,CSCO,1
2013-10-30,-0.0052585451358458,CSCO,-1
2013-10-31,-0.0061674008810573,CSCO,-1
2013-11-01,0.0,CSCO,0
2013-11-04,0.00088652482269502,CSCO,1
2013-11-05,0.021257750221435,CSCO,1
2013-11-06,0.0095403295750218,CSCO,1
2013-11-07,-0.0073024054982819,CSCO,-1
2013-11-08,0.017308524448291,CSCO,1
2013-11-11,-0.0029774564015313,CSCO,-1
2013-11-12,0.012372013651877,CSCO,1
2013-11-13,0.011378002528445,CSCO,1
2013-11-14,-0.11,CSCO,-1
2013-11-15,0.0084269662921348,CSCO,1
2013-11-18,-0.011606313834726,CSCO,-1
2013-11-19,0.0061061531235323,CSCO,1
2013-11-20,-0.0088702147525678,CSCO,-1
2013-11-21,0.011304757418747,CSCO,1
2013-11-22,-0.00046576618537485,CSCO,-1
2013-11-25,-0.0088536812674744,CSCO,-1
2013-11-26,-0.002820874471086,CSCO,-1
2013-11-27,0.0028288543140028,CSCO,1
2013-11-29,-0.00094029149036199,CSCO,-1
2013-12-02,-0.0075294117647059,CSCO,-1
2013-12-03,0.0080606922712187,CSCO,1
2013-12-04,-0.00047036688617129,CSCO,-1
2013-12-05,-0.016,CSCO,-1
2013-12-06,0.017694882831181,CSCO,1
2013-12-09,-0.0028195488721806,CSCO,-1
2013-12-10,-0.00047125353440141,CSCO,-1
2013-12-11,-0.015558698727016,CSCO,-1
2013-12-12,-0.01772030651341,CSCO,-1
2013-12-13,-0.013164310092638,CSCO,-1
2013-12-16,0.021739130434783,CSCO,1
2013-12-17,0.011605415860735,CSCO,1
2013-12-18,0.0038240917782026,CSCO,1
2013-12-19,0.0033333333333333,CSCO,1
2013-12-20,0.0028476506881822,CSCO,1
2013-12-23,0.020823473734028,CSCO,1
2013-12-24,0.0055632823365786,CSCO,1
2013-12-26,0.0050714615029967,CSCO,1
2013-12-27,0.010091743119266,CSCO,1
2013-12-30,0.010445049954587,CSCO,1
2013-12-31,0.0080898876404494,CSCO,1
2014-01-02,-0.019170753455194,CSCO,-1
2014-01-03,-0.00090909090909089,CSCO,-1
2014-01-06,0.0013648771610556,CSCO,1
2014-01-07,0.013630168105407,CSCO,1
2014-01-08,-0.00089645898700133,CSCO,-1
2014-01-09,-0.0089726334679228,CSCO,-1
2014-01-10,0.0058850158442734,CSCO,1
2014-01-13,-0.0013501350135012,CSCO,-1
2014-01-14,0.0099143758449752,CSCO,1
2014-01-15,0.016510486390005,CSCO,1
2014-01-16,0.0,CSCO,0
2014-01-17,-0.0017559262510976,CSCO,-1
2014-01-21,0.0039577836411609,CSCO,1
2014-01-22,0.00043802014892692,CSCO,1
2014-01-23,-0.012259194395797,CSCO,-1
2014-01-24,-0.015957446808511,CSCO,-1
2014-01-27,-0.009009009009009,CSCO,-1
2014-01-28,-0.011363636363636,CSCO,-1
2014-01-29,-0.0045977011494254,CSCO,-1
2014-01-30,0.015242494226328,CSCO,1
2014-01-31,-0.0031847133757962,CSCO,-1
2014-02-03,-0.016430853491556,CSCO,-1
2014-02-04,0.011600928074246,CSCO,1
2014-02-05,0.0082568807339449,CSCO,1
2014-02-06,0.023202911737943,CSCO,1
2014-02-07,0.0080035571365053,CSCO,1
2014-02-10,0.0070577856197616,CSCO,1
2014-02-11,-0.0052562417871221,CSCO,-1
2014-02-12,0.0061646851607222,CSCO,1
2014-02-13,-0.025382932166302,CSCO,-1
2014-02-14,0.013022002694207,CSCO,1
2014-02-18,-0.0066489361702127,CSCO,-1
2014-02-19,-0.0058009817045961,CSCO,-1
2014-02-20,0.0008976660682226,CSCO,1
2014-02-21,-0.0076233183856503,CSCO,-1
2014-02-24,-0.00045187528242196,CSCO,-1
2014-02-25,-0.012658227848101,CSCO,-1
2014-02-26,0.0041208791208791,CSCO,1
2014-02-27,-0.00045599635202909,CSCO,-1
2014-02-28,-0.0054744525547446,CSCO,-1
2014-03-03,-0.010550458715596,CSCO,-1
2014-03-04,0.011590171534539,CSCO,1
2014-03-05,0.0022914757103575,CSCO,1
2014-03-06,-0.0022862368541381,CSCO,-1
2014-03-07,-0.0041246562786434,CSCO,-1
2014-03-10,-0.0018407731247123,CSCO,-1
2014-03-11,-0.0036883356385432,CSCO,-1
2014-03-12,0.009717723276261,CSCO,1
2014-03-13,-0.013748854262145,CSCO,-1
2014-03-14,-0.007899628252788,CSCO,-1
2014-03-17,0.0074941451990632,CSCO,1
2014-03-18,0.0055788005578799,CSCO,1
2014-03-19,0.0,CSCO,0
2014-03-20,0.0092464170134073,CSCO,1
2014-03-21,-0.0087036188731103,CSCO,-1
2014-03-24,-0.0032347504621072,CSCO,-1
2014-03-25,0.035697728326379,CSCO,1
2014-03-26,-0.00089525514771708,CSCO,-1
2014-03-27,-0.013440860215054,CSCO,-1
2014-03-28,0.014078110808356,CSCO,1
2014-03-31,0.0040304523063145,CSCO,1
2014-04-01,0.030330062444246,CSCO,1
2014-04-02,-0.0047619047619049,CSCO,-1
2014-04-03,0.0043497172683776,CSCO,1
2014-04-04,-0.016457340840191,CSCO,-1
2014-04-07,0.0061646851607222,CSCO,1
2014-04-08,0.0039387308533917,CSCO,1
2014-04-09,0.007846556233653,CSCO,1
2014-04-10,-0.020328719723183,CSCO,-1
2014-04-11,-0.0083885209713023,CSCO,-1
2014-04-14,0.017364203027605,CSCO,1
2014-04-15,0.0017505470459518,CSCO,1
2014-04-16,0.0061162079510704,CSCO,1
2014-04-17,0.0078158923143725,CSCO,1
2014-04-21,0.0081861266695389,CSCO,1
2014-04-22,0.0051282051282052,CSCO,1
2014-04-23,-0.0008503401360544,CSCO,-1
2014-04-24,-0.0072340425531916,CSCO,-1
2014-04-25,-0.014144877839691,CSCO,-1
2014-04-28,0.00086956521739129,CSCO,1
2014-04-29,0.0060816681146829,CSCO,1
2014-04-30,-0.0021588946459413,CSCO,-1
2014-05-01,-0.0043271311120726,CSCO,-1
2014-05-02,-0.0030421555845285,CSCO,-1
2014-05-05,0.00087183958151698,CSCO,1
2014-05-06,-0.010452961672474,CSCO,-1
2014-05-07,0.0066021126760564,CSCO,1
2014-05-08,0.0065588106689986,CSCO,1
2014-05-09,0.0,CSCO,0
2014-05-12,0.0073848827106864,CSCO,1
2014-05-13,-0.014230271668823,CSCO,-1
2014-05-14,-0.0021872265966754,CSCO,-1
2014-05-15,0.060061376589215,CSCO,1
2014-05-16,0.0078577336641853,CSCO,1
2014-05-19,-0.00082068116536724,CSCO,-1
2014-05-20,-0.0094455852156058,CSCO,-1
2014-05-21,0.014925373134328,CSCO,1
2014-05-22,-0.0040849673202615,CSCO,-1
2014-05-23,0.0057424118129615,CSCO,1
2014-05-27,0.0077487765089723,CSCO,1
2014-05-28,0.0044516390125455,CSCO,1
2014-05-29,-0.0056406124093473,CSCO,-1
2014-05-30,-0.0024311183144246,CSCO,-1
2014-06-02,0.0064987814784728,CSCO,1
2014-06-03,-0.0040355125100888,CSCO,-1
2014-06-04,-0.0072933549432739,CSCO,-1
2014-06-05,0.0081632653061224,CSCO,1
2014-06-06,0.0052631578947368,CSCO,1
2014-06-09,-0.0012082158679016,CSCO,-1
2014-06-10,0.0080645161290322,CSCO,1
2014-06-11,0.0016,CSCO,1
2014-06-12,-0.01517571884984,CSCO,-1
2014-06-13,0.0016220600162206,CSCO,1
2014-06-16,-0.0068825910931173,CSCO,-1
2014-06-17,-0.0012229922543824,CSCO,-1
2014-06-18,0.0053061224489796,CSCO,1
2014-06-19,0.0032480714575721,CSCO,1
2014-06-20,0.0048563334682314,CSCO,1
2014-06-23,-0.0052356020942408,CSCO,-1
2014-06-24,-0.0068825910931173,CSCO,-1
2014-06-25,0.0077456176110884,CSCO,1
2014-06-26,-0.002831715210356,CSCO,-1
2014-06-27,0.0020283975659229,CSCO,1
2014-06-30,0.0060728744939272,CSCO,1
2014-07-01,0.009255533199195,CSCO,1
2014-07-02,-0.0019936204146729,CSCO,-1
2014-07-03,0.0063923292049541,CSCO,1
2014-07-07,0.0015879317189361,CSCO,1
2014-07-08,-0.006341656757828,CSCO,-1
2014-07-09,0.014758675708018,CSCO,1
2014-07-10,0.0,CSCO,0
2014-07-11,0.0031446540880502,CSCO,1
2014-07-14,-0.0031347962382444,CSCO,-1
2014-07-15,0.0090408805031447,CSCO,1
2014-07-16,0.012076353720296,CSCO,1
2014-07-17,-0.013471901462664,CSCO,-1
2014-07-18,0.010924697619977,CSCO,1
2014-07-21,-0.0023157082207641,CSCO,-1
2014-07-22,0.0038684719535783,CSCO,1
2014-07-23,-0.010404624277457,CSCO,-1
2014-07-24,0.005841121495327,CSCO,1
2014-07-25,0.005420054200542,CSCO,1
2014-07-28,-0.0019252984212552,CSCO,-1
2014-07-29,-0.0081018518518519,CSCO,-1
2014-07-30,-0.0031116297160639,CSCO,-1
2014-07-31,-0.015606710885681,CSCO,-1
2014-08-01,-0.0091161315893777,CSCO,-1
2014-08-04,0.0064,CSCO,1
2014-08-05,-0.0075516693163752,CSCO,-1
2014-08-06,-0.0016019223067681,CSCO,-1
2014-08-07,-0.0028078620136382,CSCO,-1
2014-08-08,0.006838294448914,CSCO,1
2014-08-11,0.0079904115061925,CSCO,1
2014-08-12,-0.0031708283789141,CSCO,-1
2014-08-13,0.0019880715705766,CSCO,1
2014-08-14,-0.026190476190476,CSCO,-1
2014-08-15,-0.004482477587612,CSCO,-1
2014-08-18,0.0081866557511256,CSCO,1
2014-08-19,0.00040600893219657,CSCO,1
2014-08-20,0.0028409090909091,CSCO,1
2014-08-21,0.0072845002023472,CSCO,1
2014-08-22,-0.0096424266773806,CSCO,-1
2014-08-25,0.0020283975659229,CSCO,1
2014-08-26,0.0044534412955465,CSCO,1
2014-08-27,-0.00040306328093503,CSCO,-1
2014-08-28,0.0020161290322581,CSCO,1
2014-08-29,0.0056338028169013,CSCO,1
2014-09-02,-0.0044017607042817,CSCO,-1
2014-09-03,0.0064308681672026,CSCO,1
2014-09-04,-0.0051916932907348,CSCO,-1
2014-09-05,0.0036130068245684,CSCO,1
2014-09-08,-0.002,CSCO,-1
2014-09-09,-0.0036072144288577,CSCO,-1
2014-09-10,0.002815768302494,CSCO,1
2014-09-11,0.010028078620136,CSCO,1
2014-09-12,-0.00079428117553612,CSCO,-1
2014-09-15,-0.0039745627980923,CSCO,-1
2014-09-16,0.0063846767757382,CSCO,1
2014-09-17,-0.0007930214115781,CSCO,-1
2014-09-18,0.00079365079365078,CSCO,1
2014-09-19,-0.0007930214115781,CSCO,-1
2014-09-22,-0.0091269841269841,CSCO,-1
2014-09-23,-0.010812975570685,CSCO,-1
2014-09-24,0.011336032388664,CSCO,1
2014-09-25,-0.017614091273018,CSCO,-1
2014-09-26,0.018744906275469,CSCO,1
2014-09-29,0.0048,CSCO,1
2014-09-30,0.0019904458598726,CSCO,1
2014-10-01,-0.0055621771950735,CSCO,-1
2014-10-02,0.0011985617259288,CSCO,1
2014-10-03,0.009976057462091,CSCO,1
2014-10-06,-0.011853022520743,CSCO,-1
2014-10-07,-0.014794082367053,CSCO,-1
2014-10-08,0.00081168831168829,CSCO,1
2014-10-09,-0.019059205190592,CSCO,-1
2014-10-10,-0.03513848697809,CSCO,-1
2014-10-13,-0.017566409597258,CSCO,-1
2014-10-14,0.0056694286960314,CSCO,1
2014-10-15,-0.0043365134431916,CSCO,-1
2014-10-16,-0.0060975609756098,CSCO,-1
2014-10-17,0.018843120070114,CSCO,1
2014-10-20,-0.013763440860215,CSCO,-1
2014-10-21,0.025294374182294,CSCO,1
2014-10-22,-0.010633772862612,CSCO,-1
2014-10-23,0.012897678417885,CSCO,1
2014-10-24,0.0093378607809848,CSCO,1
2014-10-27,-0.00084104289318753,CSCO,-1
2014-10-28,0.012626262626263,CSCO,1
2014-10-29,0.0016625103906901,CSCO,1
2014-10-30,-0.00082987551867233,CSCO,-1
2014-10-31,0.016196013289037,CSCO,1
2014-11-03,0.0044953003677973,CSCO,1
2014-11-04,0.012205044751831,CSCO,1
2014-11-05,0.010852090032154,CSCO,1
2014-11-06,0.0043737574552685,CSCO,1
2014-11-07,0.0027711797307996,CSCO,1
2014-11-10,-0.0071061981839716,CSCO,-1
2014-11-11,0.0,CSCO,0
2014-11-12,-0.0015904572564612,CSCO,-1
2014-11-13,0.022700119474313,CSCO,1
2014-11-14,0.024922118380062,CSCO,1
2014-11-17,0.0053191489361702,CSCO,1
2014-11-18,0.0052910052910053,CSCO,1
2014-11-19,-0.00037593984962412,CSCO,-1
2014-11-20,0.0082737871380218,CSCO,1
2014-11-21,0.0026109660574413,CSCO,1
2014-11-24,0.0055803571428572,CSCO,1
2014-11-25,0.0092489826119127,CSCO,1
2014-11-26,0.0051319648093842,CSCO,1
2014-11-28,0.0080233406272793,CSCO,1
2014-12-01,-0.001808972503618,CSCO,-1
2014-12-02,0.0083363537513592,CSCO,1
2014-12-03,0.0046728971962616,CSCO,1
2014-12-04,-0.0064400715563506,CSCO,-1
2014-12-05,-0.0097227223622614,CSCO,-1
2014-12-08,-0.0098181818181818,CSCO,-1
2014-12-09,0.0069775982372384,CSCO,1
2014-12-10,-0.020058351568198,CSCO,-1
2014-12-11,0.0044659471529586,CSCO,1
2014-12-12,-0.0048165987402741,CSCO,-1
2014-12-15,-0.0067014147431124,CSCO,-1
2014-12-16,-0.0037481259370315,CSCO,-1
2014-12-17,0.008653122648608,CSCO,1
2014-12-18,0.031331592689295,CSCO,1
2014-12-19,0.0043399638336348,CSCO,1
2014-12-22,0.016204537270436,CSCO,1
2014-12-23,0.0010630758327428,CSCO,1
2014-12-24,0.0017699115044248,CSCO,1
2014-12-26,0.0017667844522968,CSCO,1
2014-12-29,0.0038800705467372,CSCO,1
2014-12-30,-0.0035137034434294,CSCO,-1
2014-12-31,-0.019040902679831,CSCO,-1
2015-01-02,-0.0075485262401151,CSCO,-1
2015-01-05,-0.0199203187251,CSCO,-1
2015-01-06,-0.00036954915003688,CSCO,-1
2015-01-07,0.0092421441774492,CSCO,1
2015-01-08,0.0076923076923077,CSCO,1
2015-01-09,0.010178117048346,CSCO,1
2015-01-12,0.0093558834112991,CSCO,1
2015-01-13,0.0017825311942959,CSCO,1
2015-01-14,-0.0064056939501779,CSCO,-1
2015-01-15,-0.018266475644699,CSCO,-1
2015-01-16,0.009850419554907,CSCO,1
2015-01-20,0.014089595375723,CSCO,1
2015-01-21,-0.0081938012112576,CSCO,-1
2015-01-22,0.023706896551724,CSCO,1
2015-01-23,-0.010175438596491,CSCO,-1
2015-01-26,-0.0085076214108473,CSCO,-1
2015-01-27,-0.038255273507329,CSCO,-1
2015-01-28,-0.003717472118959,CSCO,-1
2015-01-29,0.015671641791045,CSCO,1
2015-01-30,-0.031594415870683,CSCO,-1
2015-02-02,0.01783004552352,CSCO,1
2015-02-03,0.010808796123742,CSCO,1
2015-02-04,-0.015855457227139,CSCO,-1
2015-02-05,0.021356313225927,CSCO,1
2015-02-06,-0.00073367571533394,CSCO,-1
2015-02-09,-0.0044052863436122,CSCO,-1
2015-02-10,0.013643067846608,CSCO,1
2015-02-11,-0.020371044016006,CSCO,-1
2015-02-12,0.09394727070182,CSCO,1
2015-02-13,-0.0010183299389002,CSCO,-1
2015-02-17,-0.0040774719673803,CSCO,-1
2015-02-18,0.0061412487205732,CSCO,1
2015-02-19,-0.0061037639877925,CSCO,-1
2015-02-20,0.010235414534289,CSCO,1
2015-02-23,0.00067544748395811,CSCO,1
2015-02-24,0.0,CSCO,0
2015-02-25,-0.0047249409382383,CSCO,-1
2015-02-26,0.014242115971516,CSCO,1
2015-02-27,-0.013373453694417,CSCO,-1
2015-03-02,0.023043036258895,CSCO,1
2015-03-03,-0.021530308049023,CSCO,-1
2015-03-04,-0.0071090047393365,CSCO,-1
2015-03-05,-0.0010228435049437,CSCO,-1
2015-03-06,-0.01296928327645,CSCO,-1
2015-03-09,0.01521438450899,CSCO,1
2015-03-10,-0.023841961852861,CSCO,-1
2015-03-11,-0.013956734124215,CSCO,-1
2015-03-12,-0.00070771408351037,CSCO,-1
2015-03-13,-0.010623229461756,CSCO,-1
2015-03-16,0.012884753042233,CSCO,1
2015-03-17,-0.0053003533568905,CSCO,-1
2015-03-18,0.0,CSCO,0
2015-03-19,0.0039076376554175,CSCO,1
2015-03-20,0.0063694267515923,CSCO,1
2015-03-23,-0.0014064697609002,CSCO,-1
2015-03-24,-0.014084507042253,CSCO,-1
2015-03-25,-0.019285714285714,CSCO,-1
2015-03-26,-0.01347414420976,CSCO,-1
2015-03-27,0.0014765596160945,CSCO,1
2015-03-30,0.019166973829709,CSCO,1
2015-03-31,-0.0047016274864376,CSCO,-1
2015-04-01,-0.0098110465116279,CSCO,-1
2015-04-02,-0.0044036697247707,CSCO,-1
2015-04-06,0.0033173608551419,CSCO,1
2015-04-07,0.006245407788391,CSCO,1
2015-04-08,0.0058415480102227,CSCO,1
2015-04-09,0.002540834845735,CSCO,1
2015-04-10,0.015206372194062,CSCO,1
2015-04-13,-0.0021398002853067,CSCO,-1
2015-04-14,-0.0060757684060043,CSCO,-1
2015-04-15,0.015821646889608,CSCO,1
2015-04-16,0.012389380530974,CSCO,1
2015-04-17,-0.023776223776224,CSCO,-1
2015-04-20,0.020057306590258,CSCO,1
2015-04-21,0.007373595505618,CSCO,1
2015-04-22,-0.0024398745207389,CSCO,-1
2015-04-23,0.0020964360587002,CSCO,1
2015-04-24,0.0048814504881451,CSCO,1
2015-04-27,0.0024288688410826,CSCO,1
2015-04-28,0.014884042921426,CSCO,1
2015-04-29,-0.0092087312414734,CSCO,-1
2015-04-30,-0.0075731497418245,CSCO,-1
2015-05-01,0.010405827263267,CSCO,1
2015-05-04,0.0013731548232064,CSCO,1
2015-05-05,-0.0095989029825163,CSCO,-1
2015-05-06,0.0027691242644513,CSCO,1
2015-05-07,-0.0058681394546082,CSCO,-1
2015-05-08,0.014930555555556,CSCO,1
2015-05-11,-0.00068422853232978,CSCO,-1
2015-05-12,0.00068469702156794,CSCO,1
2015-05-13,0.0041053711939788,CSCO,1
2015-05-14,-0.010221465076661,CSCO,-1
2015-05-15,0.017211703958692,CSCO,1
2015-05-18,0.0071065989847716,CSCO,1
2015-05-19,-0.00067204301075279,CSCO,-1
2015-05-20,-0.0040349697377269,CSCO,-1
2015-05-21,-0.0064145847400406,CSCO,-1
2015-05-22,-0.0057764186204553,CSCO,-1
2015-05-26,-0.010594668489405,CSCO,-1
2015-05-27,0.012435233160622,CSCO,1
2015-05-28,0.0013647219379052,CSCO,1
2015-05-29,-0.0013628620102216,CSCO,-1
2015-06-01,-0.0044353462981917,CSCO,-1
2015-06-02,-0.0034270047978068,CSCO,-1
2015-06-03,0.00034387895460803,CSCO,1
2015-06-04,-0.016500515641114,CSCO,-1
2015-06-05,-0.0010485844110451,CSCO,-1
2015-06-08,-0.010496850944716,CSCO,-1
2015-06-09,-0.0014144271570015,CSCO,-1
2015-06-10,0.014872521246459,CSCO,1
2015-06-11,0.0069783670621074,CSCO,1
2015-06-12,-0.011088011088011,CSCO,-1
2015-06-15,-0.0021023125437981,CSCO,-1
2015-06-16,0.0080758426966292,CSCO,1
2015-06-17,0.0076628352490421,CSCO,1
2015-06-18,0.0096785343933633,CSCO,1
2015-06-19,-0.0061622731941116,CSCO,-1
2015-06-22,-0.0031002411298657,CSCO,-1
2015-06-23,-0.0055286800276434,CSCO,-1
2015-06-24,-0.0093815149409312,CSCO,-1
2015-06-25,-0.0038582953349703,CSCO,-1
2015-06-26,-0.004225352112676,CSCO,-1
2015-06-29,-0.026166902404526,CSCO,-1
2015-06-30,-0.0029048656499636,CSCO,-1
2015-07-01,-0.0040058266569556,CSCO,-1
2015-07-02,-0.00073126142595989,CSCO,-1
2015-07-06,-0.0040248810830589,CSCO,-1
2015-07-07,0.0051432770022043,CSCO,1
2015-07-08,-0.013523391812866,CSCO,-1
2015-07-09,-0.0029640607632456,CSCO,-1
2015-07-10,0.013749535488666,CSCO,1
2015-07-13,0.018695014662757,CSCO,1
2015-07-14,0.0086362000719684,CSCO,1
2015-07-15,0.002854084909026,CSCO,1
2015-07-16,0.0074706510138741,CSCO,1
2015-07-17,-0.0049435028248588,CSCO,-1
2015-07-20,-0.0053229240596167,CSCO,-1
2015-07-21,-0.0067784516589369,CSCO,-1
2015-07-22,-0.011135057471264,CSCO,-1
2015-07-23,0.017435524881947,CSCO,1
2015-07-24,0.013923598714745,CSCO,1
2015-07-27,-0.0066901408450703,CSCO,-1
2015-07-28,0.0,CSCO,0
2015-07-29,0.0067352002835873,CSCO,1
2015-07-30,-0.0035211267605633,CSCO,-1
2015-07-31,0.0042402826855124,CSCO,1
2015-08-03,-0.0021111893033076,CSCO,-1
2015-08-04,-0.01163610719323,CSCO,-1
2015-08-05,0.0085622547270781,CSCO,1
2015-08-06,-0.0021223912274495,CSCO,-1
2015-08-07,-0.0021269053527119,CSCO,-1
2015-08-10,0.01563055062167,CSCO,1
2015-08-11,-0.0199370409234,CSCO,-1
2015-08-12,-0.0042826552462527,CSCO,-1
2015-08-13,0.028673835125448,CSCO,1
2015-08-14,0.011498257839721,CSCO,1
2015-08-17,-0.0072338959696866,CSCO,-1
2015-08-18,-0.019777931991672,CSCO,-1
2015-08-19,-0.015929203539823,CSCO,-1
2015-08-20,-0.027338129496403,CSCO,-1
2015-08-21,-0.021079881656805,CSCO,-1
2015-08-24,-0.048356630147337,CSCO,-1
2015-08-25,-0.022628026994839,CSCO,-1
2015-08-26,0.043054427294882,CSCO,1
2015-08-27,0.019080996884735,CSCO,1
2015-08-28,-0.0064959877722584,CSCO,-1
2015-08-31,-0.0046153846153847,CSCO,-1
2015-09-01,-0.029366306027821,CSCO,-1
2015-09-02,0.02109872611465,CSCO,1
2015-09-03,0.0097465886939571,CSCO,1
2015-09-04,-0.014671814671815,CSCO,-1
2015-09-08,0.030564263322884,CSCO,1
2015-09-09,-0.013688212927757,CSCO,-1
2015-09-10,0.012336160370085,CSCO,1
2015-09-11,-0.0091393754760092,CSCO,-1
2015-09-14,-0.012298232129131,CSCO,-1
2015-09-15,0.010894941634241,CSCO,1
2015-09-16,0.0034642032332563,CSCO,1
2015-09-17,-0.0072880705792099,CSCO,-1
2015-09-18,-0.013137557959815,CSCO,-1
2015-09-21,0.0,CSCO,0
2015-09-22,-0.015661707126077,CSCO,-1
2015-09-23,0.0055688146380271,CSCO,1
2015-09-24,0.0051424050632911,CSCO,1
2015-09-25,0.024006296733569,CSCO,1
2015-09-28,-0.013835511145273,CSCO,-1
2015-09-29,-0.00077942322681214,CSCO,-1
2015-09-30,0.023790951638066,CSCO,1
2015-10-01,-0.019809523809524,CSCO,-1
2015-10-02,0.0011659541391372,CSCO,1
2015-10-05,0.042313664596273,CSCO,1
2015-10-06,0.01415270018622,CSCO,1
2015-10-07,0.011384502387073,CSCO,1
2015-10-08,0.013435003631082,CSCO,1
2015-10-09,0.0,CSCO,0
2015-10-12,0.0017914725904694,CSCO,1
2015-10-13,-0.003934191702432,CSCO,-1
2015-10-14,-0.0010771992818672,CSCO,-1
2015-10-15,0.011861969805895,CSCO,1
2015-10-16,0.0035523978685613,CSCO,1
2015-10-19,0.0,CSCO,0
2015-10-20,0.0088495575221239,CSCO,1
2015-10-21,-0.007719298245614,CSCO,-1
2015-10-22,0.025813295615276,CSCO,1
2015-10-23,0.011720096518442,CSCO,1
2015-10-26,-0.013628620102215,CSCO,-1
2015-10-27,0.0034542314335061,CSCO,1
2015-10-28,0.010671256454389,CSCO,1
2015-10-29,-0.0074931880108991,CSCO,-1
2015-10-30,-0.0099519560741249,CSCO,-1
2015-11-02,-0.0027729636048528,CSCO,-1
2015-11-03,-0.0055613486270421,CSCO,-1
2015-11-04,-0.0048933939182104,CSCO,-1
2015-11-05,-0.0014049877063575,CSCO,-1
2015-11-06,0.0007034822370735,CSCO,1
2015-11-09,-0.0094903339191564,CSCO,-1
2015-11-10,-0.007097232079489,CSCO,-1
2015-11-11,-0.0057183702644746,CSCO,-1
2015-11-12,0.0003594536304816,CSCO,1
2015-11-13,-0.058210564139418,CSCO,-1
2015-11-16,0.022128958412819,CSCO,1
2015-11-17,0.00074654721911159,CSCO,1
2015-11-18,0.011562849682954,CSCO,1
2015-11-19,0.0092182890855457,CSCO,1
2015-11-20,0.0073072707343807,CSCO,1
2015-11-23,-0.0050779833151977,CSCO,-1
2015-11-24,-0.005833029529712,CSCO,-1
2015-11-25,-0.0011001100110011,CSCO,-1
2015-11-27,0.0029368575624083,CSCO,1
2015-11-30,-0.0025622254758419,CSCO,-1
2015-12-01,0.011743119266055,CSCO,1
2015-12-02,-0.004715270221255,CSCO,-1
2015-12-03,-0.017857142857143,CSCO,-1
2015-12-04,0.019666048237477,CSCO,1
2015-12-07,0.00036390101892278,CSCO,1
2015-12-08,-0.012368133866861,CSCO,-1
2015-12-09,-0.015469613259668,CSCO,-1
2015-12-10,0.0014964459408904,CSCO,1
2015-12-11,-0.022786701531565,CSCO,-1
2015-12-14,0.012614678899083,CSCO,1
2015-12-15,0.013590033975085,CSCO,1
2015-12-16,0.014525139664804,CSCO,1
2015-12-17,-0.019089574155653,CSCO,-1
2015-12-18,-0.016841317365269,CSCO,-1
2015-12-21,0.014084507042254,CSCO,1
2015-12-22,0.0093843843843844,CSCO,1
2015-12-23,0.018966158423206,CSCO,1
2015-12-24,-0.00072992700729925,CSCO,-1
2015-12-28,-0.0025566106647188,CSCO,-1
2015-12-29,0.016843647015745,CSCO,1
2015-12-30,-0.0086424198775657,CSCO,-1
2015-12-31,-0.013439883763167,CSCO,-1
2016-01-04,-0.027614138438881,CSCO,-1
2016-01-05,-0.0045437334343052,CSCO,-1
2016-01-06,-0.01065043742868,CSCO,-1
2016-01-07,-0.023068050749712,CSCO,-1
2016-01-08,-0.024793388429752,CSCO,-1
2016-01-11,0.019774011299435,CSCO,1
2016-01-12,0.0031658092599922,CSCO,1
2016-01-13,-0.029585798816568,CSCO,-1
2016-01-14,0.0024390243902439,CSCO,1
2016-01-15,-0.042173560421736,CSCO,-1
2016-01-19,0.0097375105842507,CSCO,1
2016-01-20,-0.039832285115304,CSCO,-1
2016-01-21,0.0,CSCO,0
2016-01-22,0.020524017467249,CSCO,1
2016-01-25,-0.0085579803166452,CSCO,-1
2016-01-26,0.023737591713422,CSCO,1
2016-01-27,-0.012225969645868,CSCO,-1
2016-01-28,-0.014084507042253,CSCO,-1
2016-01-29,0.02987012987013,CSCO,1
2016-02-01,-0.013030685161833,CSCO,-1
2016-02-02,-0.027683134582624,CSCO,-1
2016-02-03,0.011826544021025,CSCO,1
2016-02-04,0.019047619047619,CSCO,1
2016-02-05,-0.027612574341546,CSCO,-1
2016-02-08,0.0017474879860201,CSCO,1
2016-02-09,-0.012211077191452,CSCO,-1
2016-02-10,-0.0061810154525385,CSCO,-1
2016-02-11,0.096401599289205,CSCO,1
2016-02-12,0.01742301458671,CSCO,1
2016-02-16,0.029072082835524,CSCO,1
2016-02-17,0.023993808049536,CSCO,1
2016-02-18,-0.0011337868480726,CSCO,-1
2016-02-19,0.0045402951191828,CSCO,1
2016-02-22,0.0030131826741996,CSCO,1
2016-02-23,-0.019151333082989,CSCO,-1
2016-02-24,0.007656967840735,CSCO,1
2016-02-25,0.01063829787234,CSCO,1
2016-02-26,-0.0071428571428572,CSCO,-1
2016-02-29,-0.0087088224157516,CSCO,-1
2016-03-01,0.024828113063407,CSCO,1
2016-03-02,0.0026090197540067,CSCO,1
2016-03-03,-0.0011152416356876,CSCO,-1
2016-03-04,-0.0026051358392259,CSCO,-1
2016-03-07,0.012686567164179,CSCO,1
2016-03-08,-0.003316138540899,CSCO,-1
2016-03-09,0.020702402957486,CSCO,1
2016-03-10,-0.0083303151032235,CSCO,-1
2016-03-11,0.017531044558072,CSCO,1
2016-03-14,-0.0057430007178751,CSCO,-1
2016-03-15,-0.0014440433212996,CSCO,-1
2016-03-16,0.0079537237888647,CSCO,1
2016-03-17,0.011119081779053,CSCO,1
2016-03-18,0.0049663001064206,CSCO,1
2016-03-21,-0.0049417578538651,CSCO,-1
2016-03-22,0.0031926214969847,CSCO,1
2016-03-23,-0.015912305516266,CSCO,-1
2016-03-24,0.0046712181099534,CSCO,1
2016-03-28,-0.0021459227467812,CSCO,-1
2016-03-29,0.0071684587813621,CSCO,1
2016-03-30,0.012811387900356,CSCO,1
2016-03-31,0.00035137034434287,CSCO,1
2016-04-01,0.0077274323849667,CSCO,1
2016-04-04,-0.019170442662949,CSCO,-1
2016-04-05,-0.019900497512438,CSCO,-1
2016-04-06,0.015228426395939,CSCO,1
2016-04-07,-0.014285714285714,CSCO,-1
2016-04-08,0.0032608695652174,CSCO,1
2016-04-11,-0.0025279884434814,CSCO,-1
2016-04-12,0.000724112961622,CSCO,1
2016-04-13,0.021345875542692,CSCO,1
2016-04-14,0.00070846617074033,CSCO,1
2016-04-15,-0.012389380530974,CSCO,-1
2016-04-18,0.010394265232975,CSCO,1
2016-04-19,0.0049663001064206,CSCO,1
2016-04-20,0.0038828097423227,CSCO,1
2016-04-21,-0.0070323488045008,CSCO,-1
2016-04-22,-0.0031869688385269,CSCO,-1
2016-04-25,0.0028419182948491,CSCO,1
2016-04-26,0.0077931278781438,CSCO,1
2016-04-27,0.0066783831282953,CSCO,1
2016-04-28,-0.023743016759777,CSCO,-1
2016-04-29,-0.016809728183119,CSCO,-1
2016-05-02,-0.0043652237177154,CSCO,-1
2016-05-03,-0.018633540372671,CSCO,-1
2016-05-04,-0.015636634400596,CSCO,-1
2016-05-05,-0.0086989409984872,CSCO,-1
2016-05-06,0.012209080503625,CSCO,1
2016-05-09,-0.00075386355069731,CSCO,-1
2016-05-10,0.019615239532252,CSCO,1
2016-05-11,-0.012208657047725,CSCO,-1
2016-05-12,-0.0011235955056179,CSCO,-1
2016-05-13,-0.005249343832021,CSCO,-1
2016-05-16,0.016584998115341,CSCO,1
2016-05-17,-0.011865035224323,CSCO,-1
2016-05-18,0.0026266416510319,CSCO,1
2016-05-19,0.031811377245509,CSCO,1
2016-05-20,0.014508523757708,CSCO,1
2016-05-23,-0.0010725777618877,CSCO,-1
2016-05-24,0.018969219756621,CSCO,1
2016-05-25,0.015806111696523,CSCO,1
2016-05-26,-0.00069156293222694,CSCO,-1
2016-05-27,0.00069204152249146,CSCO,1
2016-05-31,0.0044951590594744,CSCO,1
2016-06-01,-0.0051635111876076,CSCO,-1
2016-06-02,0.0062283737024221,CSCO,1
2016-06-03,0.0017193947730399,CSCO,1
2016-06-06,-0.0010298661174047,CSCO,-1
2016-06-07,-0.0010309278350516,CSCO,-1
2016-06-08,0.0024079807361541,CSCO,1
2016-06-09,0.0,CSCO,0
2016-06-10,-0.0037748798901853,CSCO,-1
2016-06-13,-0.0065449534963831,CSCO,-1
2016-06-14,0.0041608876560333,CSCO,1
2016-06-15,-0.010704419889503,CSCO,-1
2016-06-16,0.0076788830715533,CSCO,1
2016-06-17,0.00277104260478,CSCO,1
2016-06-20,-0.005181347150259,CSCO,-1
2016-06-21,-0.0010416666666667,CSCO,-1
2016-06-22,-0.0017379214459507,CSCO,-1
2016-06-23,0.017409470752089,CSCO,1
2016-06-24,-0.050308008213552,CSCO,-1
2016-06-27,-0.015855855855856,CSCO,-1
2016-06-28,0.017575979494691,CSCO,1
2016-06-29,0.016912558474271,CSCO,1
2016-06-30,0.015215852795471,CSCO,1
2016-07-01,0.0038340885325897,CSCO,1
