Date,Open,Close,Ticker,CloseClass
2013-01-03,0.001592525745833,-0.0011605824013505,MMM,-1
2013-01-04,0.0047699809200763,0.0073941058413436,MMM,1
2013-01-07,0.0024264162886379,0.0012582573136205,MMM,1
2013-01-08,0.0015786150284151,0.00010472300764483,MMM,1
2013-01-09,0.0073552590101923,0.0095287958115183,MMM,1
2013-01-10,0.0087618650255553,0.0049787366455762,MMM,1
2013-01-11,-0.0089959673249921,-0.0062957993600991,MMM,-1
2013-01-14,0.0058430717863105,0.0083090984628168,MMM,1
2013-01-15,0.004460580912863,0.0021631644004945,MMM,1
2013-01-16,0.0017556542393886,0.0031863500873675,MMM,1
2013-01-17,0.0081443298969073,0.0049180327868853,MMM,1
2013-01-18,0.0064423765211166,0.0067292006525285,MMM,1
2013-01-22,-0.00030481609428979,0.005975288636824,MMM,1
2013-01-23,0.0058949080191076,0.0016107923084667,MMM,1
2013-01-24,0.0041426694958068,0.0018092270579958,MMM,1
2013-01-25,0.004125578587241,0.0092304605197151,MMM,1
2013-01-28,0.011925042589438,0.0005964807634954,MMM,1
2013-01-29,-0.0064369182016241,0.011525086934923,MMM,1
2013-01-30,0.014651649556464,-0.00992044003536,MMM,-1
2013-01-31,-0.01090373280943,-0.0024801587301587,MMM,-1
2013-02-01,0.0074486046280663,0.010044753853804,MMM,1
2013-02-04,-0.0066048895899054,-0.0077786530129973,MMM,-1
2013-02-05,0.0053587377195595,0.0071449836260792,MMM,1
2013-02-06,-0.0017767249037608,0.01182382500739,MMM,1
2013-02-07,0.015030159201028,-0.0045768818774954,MMM,-1
2013-02-08,-0.0030199707744764,0.0043044414009,MMM,1
2013-02-11,0.00048856752003124,-0.00038963569062918,MMM,-1
2013-02-12,0.0026369762672136,0.0081855388813096,MMM,1
2013-02-13,0.0036041301383207,-0.0057993427411559,MMM,-1
2013-02-14,-0.0058235465398427,-0.00077775617343961,MMM,-1
2013-02-15,0.0061505418334472,0.0043782837127846,MMM,1
2013-02-19,0.0034931108092373,0.009202751138235,MMM,1
2013-02-20,0.0073486753045833,-0.0098867344979843,MMM,-1
2013-02-21,-0.012478402764446,-0.0041686863790597,MMM,-1
2013-02-22,0.0010692068429238,0.0079828660436138,MMM,1
2013-02-25,0.0089329061073891,-0.01728800463589,MMM,-1
2013-02-26,-0.017322683091137,0.0055036855036855,MMM,1
2013-02-27,-9.793360101856e-05,0.012315511680188,MMM,1
2013-02-28,0.014691478942214,0.0041517814038815,MMM,1
2013-03-01,-0.002027027027027,-0.0022115384615385,MMM,-1
2013-03-04,0.0011606538349938,-0.0047219813048087,MMM,-1
2013-03-05,0.0024152255820694,0.011328427575523,MMM,1
2013-03-06,0.0093484965304549,0.0020105313547151,MMM,1
2013-03-07,0.00066838537190865,-0.001146569845213,MMM,-1
2013-03-08,0.0019083969465649,0.011191888272431,MMM,1
2013-03-11,0.0031428571428571,0.00094598429666076,MMM,1
2013-03-12,0.0046520459508212,-0.0064266137416124,MMM,-1
2013-03-13,-0.0065205065205065,-0.00038048130885563,MMM,-1
2013-03-14,0.0019024065442785,0.0088495575221238,MMM,1
2013-03-15,0.0054115636570778,0.0035842293906811,MMM,1
2013-03-18,-0.0063267233238905,-0.0093045112781956,MMM,-1
2013-03-19,0.0057017960657607,-0.0021819561711412,MMM,-1
2013-03-20,0.00075592932060851,0.0045636052481459,MMM,1
2013-03-21,-0.0049098291001794,-0.0068143100511073,MMM,-1
2013-03-22,-0.0027516842205143,0.014103297122165,MMM,1
2013-03-25,0.01360608943863,-0.011745912422477,MMM,-1
2013-03-26,-0.010513470383929,0.0085575734525054,MMM,1
2013-03-27,-0.00056920595768905,-0.0073536343923823,MMM,-1
2013-03-28,0.0030374940673945,0.0096875296799316,MMM,1
2013-04-01,0.0031229298760291,-0.0062082588655818,MMM,-1
2013-04-02,-0.0018867924528302,0.0082347373402744,MMM,1
2013-04-03,0.0075614366729678,-0.0078858430341719,MMM,-1
2013-04-04,-0.0073170731707317,0.0013247539742618,MMM,1
2013-04-05,-0.012946512946513,-0.0003780003780003,MMM,-1
2013-04-08,0.013499281953088,-0.00028360748723767,MMM,-1
2013-04-09,0.0013225014169658,0.0018912529550828,MMM,1
2013-04-10,0.00084905660377362,0.016422840962718,MMM,1
2013-04-11,0.016683947591667,0.0052001114309593,MMM,1
2013-04-12,0.00027813832746153,-0.0052655889145496,MMM,-1
2013-04-15,-0.0068588377050699,-0.017830609212481,MMM,-1
2013-04-16,-0.0042930471301914,0.0036875945537065,MMM,1
2013-04-17,-0.011434998594058,-0.0063118228921338,MMM,-1
2013-04-18,0.0035081065705888,-0.0047402351156617,MMM,-1
2013-04-19,-0.0050075585789872,0.006953705467708,MMM,1
2013-04-22,0.0037983097521602,0.00085138586699464,MMM,1
2013-04-23,0.0050137167723016,0.015028355387524,MMM,1
2013-04-24,0.012895331325301,0.0044696899152622,MMM,1
2013-04-25,-0.029272372456091,-0.02771855010661,MMM,-1
2013-04-26,0.004882251579552,-0.010392829900839,MMM,-1
2013-04-29,-0.010098123273316,0.00038539358319676,MMM,1
2013-04-30,0.00067365989798872,0.008475392468458,MMM,1
2013-05-01,0.007693787266782,-0.001528029796581,MMM,-1
2013-05-02,0.0024813895781638,0.014251554280249,MMM,1
2013-05-03,0.018278750952018,0.016880422482082,MMM,1
2013-05-06,0.006264023934181,9.2738569971298e-05,MMM,1
2013-05-07,-0.00018582179689674,0.001576409495549,MMM,1
2013-05-08,0.0039029829941455,0.0017590963799648,MMM,1
2013-05-09,0.0007405350365639,0.015896487985213,MMM,1
2013-05-10,0.018222181111831,0.00509461426492,MMM,1
2013-05-13,-0.00081758720930236,0.00018102824040547,MMM,1
2013-05-14,0.0030002727520684,0.00081447963800908,MMM,1
2013-05-15,0.0007251631617115,0.0082285920969346,MMM,1
2013-05-16,0.007336956521739,-0.0038565022421525,MMM,-1
2013-05-17,-0.00044959985612802,0.002881065994418,MMM,1
2013-05-20,-0.00026988125224902,0.0029625639644492,MMM,1
2013-05-21,0.0088185008548547,0.0025957751521662,MMM,1
2013-05-22,-0.0046383016680046,-0.010891884653156,MMM,-1
2013-05-23,-0.013710905995161,-0.0034299124469718,MMM,-1
2013-05-24,-0.0018171906232964,-0.0012680010868581,MMM,-1
2013-05-28,0.011742217367559,0.011970617575043,MMM,1
2013-05-29,-0.00098965362123256,-0.0041222331750158,MMM,-1
2013-05-30,0.0027017291066282,0.0026095563754162,MMM,1
2013-05-31,-0.0049398239626369,-0.010321306767187,MMM,-1
2013-06-03,-0.00081234768480913,0.0030833408905414,MMM,1
2013-06-04,-0.00045167118337847,-0.0053340565952446,MMM,-1
2013-06-05,-0.007681879801175,-0.01299763679331,MMM,-1
2013-06-06,-0.012204007285975,0.00073671608803756,MMM,1
2013-06-07,0.0084823898211322,0.022453298978559,MMM,1
2013-06-10,0.018559151581642,-0.00270002700027,MMM,-1
2013-06-11,-0.013553540974778,-0.0053244292031405,MMM,-1
2013-06-12,0.0099181073703366,-0.0107965886409,MMM,-1
2013-06-13,-0.018380034237319,0.019902779051637,MMM,1
2013-06-14,0.021569527306104,-0.0015287769784173,MMM,-1
2013-06-17,0.0049415992812219,0.0079257858236512,MMM,1
2013-06-18,0.0019669199821189,0.0094718970601376,MMM,1
2013-06-19,0.0079414651557063,-0.012392670620519,MMM,-1
2013-06-20,-0.019918555240793,-0.02500672223716,MMM,-1
2013-06-21,-0.010929455333755,0.007446221731936,MMM,1
2013-06-24,-0.0065753424657534,-0.019071083128023,MMM,-1
2013-06-25,-0.0053318624747196,0.0068837209302325,MMM,1
2013-06-26,0.0080406654343807,0.01330376940133,MMM,1
2013-06-27,0.013477583203447,0.0051057622173595,MMM,1
2013-06-28,-0.0061516193233219,-0.0080732946298984,MMM,-1
2013-07-01,-0.013562716184234,-0.00036579789666202,MMM,-1
2013-07-02,0.0062747992986988,-0.005306010429055,MMM,-1
2013-07-03,-0.0070609812012838,0.0066219074772372,MMM,1
2013-07-05,0.019301810121906,0.019095477386935,MMM,1
2013-07-08,0.014768505934584,0.005289582212659,MMM,1
2013-07-09,0.0097321428571429,0.01088022830643,MMM,1
2013-07-10,0.0025643292952515,0.00070577856197629,MMM,1
2013-07-11,0.0086434997354031,0.0096976108613241,MMM,1
2013-07-12,0.0018363064008394,0.0053261154282721,MMM,1
2013-07-15,0.0049751243781095,-0.0025186729199236,MMM,-1
2013-07-16,-0.0013027618551329,-0.0044405746626033,MMM,-1
2013-07-17,-0.00017392816766672,0.0026237537169844,MMM,1
2013-07-18,-0.0031312516308602,0.0073272854152129,MMM,1
2013-07-19,0.0063694267515924,0.0061482507793557,MMM,1
2013-07-22,0.0057222125888677,0.00077459333849732,MMM,1
2013-07-23,0.0037931034482758,0.0040419676642587,MMM,1
2013-07-24,0.0054105118515974,-0.0035974304068523,MMM,-1
2013-07-25,-0.015119159477236,0.0018911716668099,MMM,1
2013-07-26,0.0075455333911536,0.0030888030888031,MMM,1
2013-07-29,0.002065937849703,-0.0025660764690788,MMM,-1
2013-07-30,0.0042092603728203,0.0019723865877712,MMM,1
2013-07-31,0.00196749358426,0.0050496405340637,MMM,1
2013-08-01,0.010671903013745,0.0083453972579408,MMM,1
2013-08-02,-0.0033789491468153,-0.0012667848999239,MMM,-1
2013-08-05,0.0016104424478725,-0.0028750211398614,MMM,-1
2013-08-06,-0.002961834645003,-0.003561736770692,MMM,-1
2013-08-07,-0.0044135121371583,0.0028085106382979,MMM,1
2013-08-08,0.0082693947144075,0.0072137825681067,MMM,1
2013-08-09,0.003889405597362,-0.0031176272328952,MMM,-1
2013-08-12,-0.0061484039417165,0.00059166596230237,MMM,1
2013-08-13,0.0044067796610169,0.0024497381314412,MMM,1
2013-08-14,0.0032062099223761,-0.0088480660655599,MMM,-1
2013-08-15,-0.016652649285114,-0.015048461146064,MMM,-1
2013-08-16,-0.010605542251112,0.00043159257660778,MMM,1
2013-08-19,0.0012966804979252,-0.0025021570319241,MMM,-1
2013-08-20,-0.0026763360096694,-0.0016434564484041,MMM,-1
2013-08-21,-0.0063192520775622,-0.017328019407382,MMM,-1
2013-08-22,-0.010279641083718,0.011020983953447,MMM,1
2013-08-23,0.010122348384825,-0.0023545827156187,MMM,-1
2013-08-26,-0.0033112582781458,-0.00061188811188818,MMM,-1
2013-08-27,-0.0084805035845427,-0.013994577101373,MMM,-1
2013-08-28,-0.0079358081297945,0.0023951033442739,MMM,1
2013-08-29,0.0031997155808373,0.0028318584070796,MMM,1
2013-08-30,0.0065562151147337,0.0022943875750089,MMM,1
2013-09-03,0.0084499603908106,-0.0031695721077654,MMM,-1
2013-09-04,-0.013005149690146,0.011747041158806,MMM,1
2013-09-05,0.011230986911921,0.0027935399388914,MMM,1
2013-09-06,0.0064713598600788,0.001479933838252,MMM,1
2013-09-09,0.0046919801894169,0.014777468706537,MMM,1
2013-09-10,0.014529101444262,0.0072811375706699,MMM,1
2013-09-11,0.0027278151905208,0.0095246194404285,MMM,1
2013-09-12,0.009946442234124,-0.0042961839777609,MMM,-1
2013-09-13,-0.0026094276094276,0.0033840947546531,MMM,1
2013-09-16,0.010971389990717,0.0053119730185498,MMM,1
2013-09-17,-0.0060105184072127,0.0058710056193911,MMM,1
2013-09-18,0.0099101368942639,0.011339948303177,MMM,1
2013-09-19,0.0074844074844075,0.00230851677797,MMM,1
2013-09-20,0.0028889806025588,-0.012832113185819,MMM,-1
2013-09-23,-0.0088065843621399,0.0091659028414298,MMM,1
2013-09-24,0.0067258988624096,-0.0025596565106102,MMM,-1
2013-09-25,-0.0028868360277136,-0.0049668874172185,MMM,-1
2013-09-26,-0.00239887501034,0.0038269550748752,MMM,1
2013-09-27,-0.0052238805970149,-0.0036466103099619,MMM,-1
2013-09-30,-0.0048345419688255,-0.0067376476459824,MMM,-1
2013-10-01,0.0025127732640924,0.0017586466795076,MMM,1
2013-10-02,-0.0046787534464032,-0.0035111185420498,MMM,-1
2013-10-03,-0.0035255603122639,-0.0054530201342282,MMM,-1
2013-10-04,-0.0028641226518405,0.0071699704765922,MMM,1
2013-10-07,0.0016051364365971,-0.0059463986599666,MMM,-1
2013-10-08,0.0013495276653171,-0.012890723734097,MMM,-1
2013-10-09,-0.012213611859838,0.0034994878798224,MMM,1
2013-10-10,0.011341349023621,0.015054860933912,MMM,1
2013-10-11,0.0047217537942665,0.011563599798894,MMM,1
2013-10-14,0.0092312856663311,0.0056328694499669,MMM,1
2013-10-15,0.008481623149842,-0.013014827018122,MMM,-1
2013-10-16,-0.0034630606860158,0.0093473543648807,MMM,1
2013-10-17,-0.00099288432897571,0.013891185711923,MMM,1
2013-10-18,0.017641212522776,0.0017941608220519,MMM,1
2013-10-21,-0.00065109465288515,0.003337675024422,MMM,1
2013-10-22,0.0046420718299535,0.0044624746450304,MMM,1
2013-10-23,0.00056744487678346,-0.0048465266558966,MMM,-1
2013-10-24,-0.0038078262983068,0.002353896103896,MMM,1
2013-10-25,0.0007319453480807,0.0075309741679489,MMM,1
2013-10-28,0.0087769199512393,0.0040186465198521,MMM,1
2013-10-29,0.007653266736486,0.0028818443804035,MMM,1
2013-10-30,0.003917492804605,-0.0039112388250319,MMM,-1
2013-10-31,-0.0047782113562156,0.0084942703742286,MMM,1
2013-11-01,0.01432343762503,0.00039729837107677,MMM,1
2013-11-04,-0.006153360681603,0.0033359809372517,MMM,1
2013-11-05,-0.0018256866169234,-0.0015832805573147,MMM,-1
2013-11-06,0.0056461232604373,0.0080082461148112,MMM,1
2013-11-07,0.0054562707575519,-0.0056634940611972,MMM,-1
2013-11-08,-0.0088084939048368,0.012499011154181,MMM,1
2013-11-11,0.01198127429977,-0.00031252441596994,MMM,-1
2013-11-12,0.0047828132350635,0.0032043767096523,MMM,1
2013-11-13,-0.0022629730784238,0.0017918354627609,MMM,1
2013-11-14,0.0086813702487095,0.0093319853798895,MMM,1
2013-11-15,0.0013956734124215,0.00046228522998692,MMM,1
2013-11-18,0.0058846302748741,0.0021563342318059,MMM,1
2013-11-19,0.00084674005080451,-0.00061476984553895,MMM,-1
2013-11-20,-0.0039993847100447,-0.0066897347174164,MMM,-1
2013-11-21,0.0014671814671814,0.0090571295866232,MMM,1
2013-11-22,0.0051661654715091,0.0051400076716534,MMM,1
2013-11-25,0.011046333231052,0.0016028087314912,MMM,1
2013-11-26,-0.0026555386949926,0.0070105920902234,MMM,1
2013-11-27,0.0089767972613161,0.010215664018161,MMM,1
2013-11-29,0.0066349996230114,7.490636704113e-05,MMM,1
2013-12-02,-0.013781739195566,-0.043667141038124,MMM,-1
2013-12-03,-0.042606516290727,-0.0084586466165415,MMM,-1
2013-12-04,-0.00087260034904014,-0.0011058451816746,MMM,-1
2013-12-05,0.0035728463676062,0.0029258263482524,MMM,1
2013-12-06,0.014161392405063,0.014034534416148,MMM,1
2013-12-09,0.0024182853576722,-0.00031101780576954,MMM,-1
2013-12-10,-0.0034241245136187,-0.0079334214824609,MMM,-1
2013-12-11,0.0053100109323755,-0.0061152489219914,MMM,-1
2013-12-12,-0.016389622494951,-0.0014987773132444,MMM,-1
2013-12-13,0.0031588091289584,-0.0011850213303839,MMM,-1
2013-12-16,-0.0018105959222231,0.0097287036304674,MMM,1
2013-12-17,0.028548895899054,0.029218235939213,MMM,1
2013-12-18,0.0081275877932833,0.033564198188599,MMM,1
2013-12-19,0.027228475813812,0.0044918998527245,MMM,1
2013-12-20,0.012735080704872,0.002272560662708,MMM,1
2013-12-23,0.0023395233221231,0.00058513750731431,MMM,1
2013-12-24,0.00094821298322389,0.0013888888888889,MMM,1
2013-12-26,0.00051009254536196,0.0094897437769179,MMM,1
2013-12-27,0.010779315367808,0.0076650517029431,MMM,1
2013-12-30,0.0021616947686987,0.00050233225690702,MMM,1
2013-12-31,0.0066148979004888,0.0059532348300101,MMM,1
2014-01-02,-0.013928571428571,-0.015115864527629,MMM,-1
2014-01-03,0.0023180007243752,0.0023166582205169,MMM,1
2014-01-06,0.0027462600274626,-0.0059227157818707,MMM,-1
2014-01-07,-0.0093693693693695,0.00014531715469019,MMM,1
2014-01-08,0.00021826118588578,-0.0074100980748275,MMM,-1
2014-01-09,-0.0033459412278148,-0.001317426626656,MMM,-1
2014-01-10,-0.00051087432491623,-0.0019787467936972,MMM,-1
2014-01-13,-0.0083242059145673,-0.011014833308856,MMM,-1
2014-01-14,-0.0051542596274206,0.02027027027027,MMM,1
2014-01-15,0.019687661905114,0.0074958154428353,MMM,1
2014-01-16,-0.00021775422806127,-0.0020225368390639,MMM,-1
2014-01-17,0.0017424132423405,-0.0061522872032426,MMM,-1
2014-01-21,0.0034062907667778,-0.0023304930449348,MMM,-1
2014-01-22,-0.0079451065366558,-0.0037228994817141,MMM,-1
2014-01-23,-0.012449945394976,-0.012968933177022,MMM,-1
2014-01-24,-0.014081391919788,-0.033330858882043,MMM,-1
2014-01-27,-0.027742466163164,-0.0096759330363999,MMM,-1
2014-01-28,-0.0045377634210122,0.0065911910669975,MMM,1
2014-01-29,0.0051765433052614,0.0033895693706186,MMM,1
2014-01-30,-0.0010760953112989,-0.016890595009597,MMM,-1
2014-01-31,-0.025854108956602,0.001093322920734,MMM,1
2014-02-03,0.012796208530806,-0.03346594898198,MMM,-1
2014-02-04,-0.016612072999532,0.022760290556901,MMM,1
2014-02-05,0.015227218653343,0.0050505050505051,MMM,1
2014-02-06,-0.0032028747754081,0.012091708542714,MMM,1
2014-02-07,0.015438871473354,0.011093871217999,MMM,1
2014-02-10,0.00061742687350477,-0.0048338832195199,MMM,-1
2014-02-11,0.00038565368299254,0.0098689282960679,MMM,1
2014-02-12,0.004934464148034,-0.0041227668346312,MMM,-1
2014-02-13,-0.0080558539205157,-0.0022999080036799,MMM,-1
2014-02-14,0.003712584113234,0.01521438450899,MMM,1
2014-02-18,0.019573090853048,-0.0024220405691795,MMM,-1
2014-02-19,-0.0074068475549844,-0.0094081942336875,MMM,-1
2014-02-20,-0.0051777963907714,0.0076593137254902,MMM,1
2014-02-21,0.0069651741293532,7.6010945576094e-05,MMM,1
2014-02-24,0.0025083612040133,0.0047883256061412,MMM,1
2014-02-25,0.0028811888695127,0.0055219364599094,MMM,1
2014-02-26,0.006501852271868,-0.0005265929436545,MMM,-1
2014-02-27,-0.0037557274844137,0.011139545386121,MMM,1
2014-02-28,0.011762044786247,0.0029030817329164,MMM,1
2014-03-03,-0.0083463745435577,-0.018704074816299,MMM,-1
2014-03-04,-0.0086420680844669,0.0035549504576053,MMM,1
2014-03-05,0.005609460278957,0.0088182092252034,MMM,1
2014-03-06,0.012890094979647,0.0017183414269706,MMM,1
2014-03-07,0.0037954900647465,0.00022374701670645,MMM,1
2014-03-10,-0.0066725978647687,-0.0041011110282605,MMM,-1
2014-03-11,-0.0018659501418122,-0.0078616352201259,MMM,-1
2014-03-12,-0.012413071113437,0.00045279601539508,MMM,1
2014-03-13,0.0084803513288408,-0.013276005129366,MMM,-1
2014-03-14,-0.023350101358961,-0.0074917819738551,MMM,-1
2014-03-17,0.0044587945879458,0.018793807286451,MMM,1
2014-03-18,0.014005816623297,0.0035533378695093,MMM,1
2014-03-19,0.0019624122575288,-0.011375621515745,MMM,-1
2014-03-20,-0.012052730696798,0.0091442505524653,MMM,1
2014-03-21,0.018528402592451,0.0052102997810164,MMM,1
2014-03-24,-0.0019463991615513,-0.0052584134615386,MMM,-1
2014-03-25,0.0025502550255026,0.012384836127473,MMM,1
2014-03-26,0.0074816699087236,-0.007235566164404,MMM,-1
2014-03-27,-0.013664042774395,-0.0018784281313397,MMM,-1
2014-03-28,0.0057220298147871,0.010237880156579,MMM,1
2014-03-31,0.007710735139991,0.010879284649777,MMM,1
2014-04-01,0.0094346631008096,0.0064130915524105,MMM,1
2014-04-02,0.00080953782749495,-0.003881930711199,MMM,-1
2014-04-03,0.0016913008309434,0.0010294117647058,MMM,1
2014-04-04,0.004991924827485,-0.0020567063317171,MMM,-1
2014-04-07,-0.0079620160701242,-0.010746356543501,MMM,-1
2014-04-08,-0.010087622413666,0.0032738095238095,MMM,1
2014-04-09,0.004165426956263,0.0074161969741916,MMM,1
2014-04-10,0.0054074074074073,-0.013766195524146,MMM,-1
2014-04-11,-0.017387460399322,-0.011793685153393,MMM,-1
2014-04-14,0.00059983504536241,0.0057406148500644,MMM,1
2014-04-15,-0.00134881978269,0.0070597070972587,MMM,1
2014-04-16,0.014256771966684,0.019986576180178,MMM,1
2014-04-17,0.015757934452911,0.0070190831322657,MMM,1
2014-04-21,-0.00036416605972332,0.0064619182458434,MMM,1
2014-04-22,0.0091074681238616,0.0019477708844321,MMM,1
2014-04-23,0.0022382671480145,-0.0064799481604146,MMM,-1
2014-04-24,-0.017505943375838,-0.0097108486122183,MMM,-1
2014-04-25,0.00087989441267051,-0.00065861690450057,MMM,-1
2014-04-28,0.0068131868131869,0.0049062683069712,MMM,1
2014-04-29,0.0032016299206869,0.0023318516359398,MMM,1
2014-04-30,-0.0017407702908538,0.011195928753181,MMM,1
2014-05-01,0.013587153963525,0.012366093896039,MMM,1
2014-05-02,0.015268817204301,-0.0049002201548185,MMM,-1
2014-05-05,-0.017581020970134,0.0034970025692264,MMM,1
2014-05-06,0.0081931867184132,-0.0093876680179221,MMM,-1
2014-05-07,-0.0021385799828914,0.013281642616125,MMM,1
2014-05-08,0.0064294899271325,-0.0021964007368568,MMM,-1
2014-05-09,-0.0022714366837024,0.0036213874884612,MMM,1
2014-05-12,0.0086795674445077,0.010471204188482,MMM,1
2014-05-13,0.0086048808012414,-0.0027307099845959,MMM,-1
2014-05-14,-0.0036363636363637,-0.0058274239977534,MMM,-1
2014-05-15,-0.0064570466030319,-0.0043785310734464,MMM,-1
2014-05-16,-0.0044504097202599,0.0010639807064832,MMM,1
2014-05-19,-0.0061023203008587,0.0038262594770778,MMM,1
2014-05-20,0.010923109873635,-0.01016446671843,MMM,-1
2014-05-21,-0.012923728813559,0.0030663909291878,MMM,1
2014-05-22,0.0067253344780711,-0.0024882695862363,MMM,-1
2014-05-23,-0.0034112714092816,0.0059154728814766,MMM,1
2014-05-27,0.0090565499536477,0.0021255491001843,MMM,1
2014-05-28,0.0021908127208481,-7.0701357465999e-05,MMM,-1
2014-05-29,-0.0021860235526409,0.006787810224139,MMM,1
2014-05-30,0.0043109540636043,0.0011236744153383,MMM,1
2014-06-02,0.0011258883963127,-0.0016134689582604,MMM,-1
2014-06-03,-0.0013354888592113,0.0040050590219224,MMM,1
2014-06-04,0.0058417792792792,-0.0044089859332353,MMM,-1
2014-06-05,-0.0010496116436919,0.010192605089273,MMM,1
2014-06-06,0.0086158587839732,0.0064713659453064,MMM,1
2014-06-09,0.0045142023751648,0.0047013274336284,MMM,1
2014-06-10,0.0022815265486727,-0.0024084778420038,MMM,-1
2014-06-11,-0.0021383734565772,-0.0038628681796234,MMM,-1
2014-06-12,0.0020047006774505,-0.0092791357939201,MMM,-1
2014-06-13,-0.012142117971714,0.002026979800098,MMM,1
2014-06-16,-0.0018157692576297,-0.000279017857143,MMM,-1
2014-06-17,0.00055971454558164,0.0025816355009769,MMM,1
2014-06-18,0.0064331165652753,0.0044540329876819,MMM,1
2014-06-19,0.0041686931147085,0.0011085706367352,MMM,1
2014-06-20,6.9189787587289e-05,0.0046369991002837,MMM,1
2014-06-23,0.0038743600387436,-0.0073711766326811,MMM,-1
2014-06-24,-0.0095796002756719,-0.0069401068776459,MMM,-1
2014-06-25,-0.0049405051840513,0.0039136207980991,MMM,1
2014-06-26,0.0052447552447552,0.00055690915419411,MMM,1
2014-06-27,-0.0040347826086957,-0.00027829958950805,MMM,-1
2014-06-30,0.0052385276245023,-0.0031317419444637,MMM,-1
2014-07-01,-0.0035436353529738,0.0092153029879921,MMM,1
2014-07-02,0.0057178718359947,0.0046347537354731,MMM,1
2014-07-03,0.0070720377175346,0.0012394133443504,MMM,1
2014-07-07,0.0015834767641996,-0.0034385530568737,MMM,-1
2014-07-08,-0.0017871872422325,-0.0024152922503623,MMM,-1
2014-07-09,-0.0030298856906762,0.00083010514665194,MMM,1
2014-07-10,-0.0088410001381406,-0.0054603262372133,MMM,-1
2014-07-11,0.0044599303135888,0.0029188963791787,MMM,1
2014-07-14,0.0058970445400307,0.0047813734321946,MMM,1
2014-07-15,6.8970273811924e-05,0.00041379310344829,MMM,1
2014-07-16,0.0019310344827586,0.0076520060664552,MMM,1
2014-07-17,0.00034416299559479,-0.017992748169939,MMM,-1
2014-07-18,-0.010321337645359,0.0089870419395292,MMM,1
2014-07-21,0.0057707015226308,-0.0036594628184768,MMM,-1
2014-07-22,0.0015899350200469,0.0056826056826056,MMM,1
2014-07-23,0.0031058044033406,-0.00303197353914,MMM,-1
2014-07-24,0.0011696711160038,0.0031103124136024,MMM,1
2014-07-25,0.0010308569857742,-6.8903741473099e-05,MMM,-1
2014-07-28,-0.0050803240422903,0.0028252480705623,MMM,1
2014-07-29,0.0020701076455976,-0.010375867518725,MMM,-1
2014-07-30,-0.0066106596887482,-0.0019441744202194,MMM,-1
2014-07-31,-0.0064466934701232,-0.019827466258522,MMM,-1
2014-08-01,-0.022186562478197,-0.0055362339413725,MMM,-1
2014-08-04,0.0,0.0045678395546355,MMM,1
2014-08-05,0.0033535497681056,-0.0068916518650089,MMM,-1
2014-08-06,-0.010524818660219,-0.0016454428387465,MMM,-1
2014-08-07,0.006540175362944,-0.0030096739519886,MMM,-1
2014-08-08,-0.0053552302749018,0.012362538632933,MMM,1
2014-08-11,0.01170136396267,-0.0019169329073481,MMM,-1
2014-08-12,-0.0021996735968211,0.0021340162185231,MMM,1
2014-08-13,0.0051912956905134,0.0065303804656446,MMM,1
2014-08-14,0.0045985143261408,0.0038081805359661,MMM,1
2014-08-15,0.0057042253521127,-0.0029506814669103,MMM,-1
2014-08-18,-0.00042013864575311,0.015501691093574,MMM,1
2014-08-19,0.012049036777583,0.00090202608936994,MMM,1
2014-08-20,-0.0042223298954799,0.0024263431542461,MMM,1
2014-08-21,0.0063951063533991,-0.00069156293222679,MMM,-1
2014-08-22,-0.0019339687802183,-0.002560553633218,MMM,-1
2014-08-25,0.0011072664359861,0.0039547630611253,MMM,1
2014-08-26,0.0023503387252869,-0.00069108500345539,MMM,-1
2014-08-27,-0.0039310344827586,-0.0045643153526971,MMM,-1
2014-08-28,-0.0076853839230078,0.00027789356676387,MMM,1
2014-08-29,0.0051632710019537,0.00013890818169197,MMM,1
2014-09-02,-0.0052755796196029,0.0015277777777778,MMM,1
2014-09-03,0.0081646894626656,-0.0027735404243517,MMM,-1
2014-09-04,-0.0017996815947947,-0.0014601585314976,MMM,-1
2014-09-05,-0.0039525691699606,0.0041083490007658,MMM,1
2014-09-08,0.0053606237816765,0.0047850208044383,MMM,1
2014-09-09,0.0020081711792812,-0.0029677686520807,MMM,-1
2014-09-10,-0.00048375950241875,0.0012460196594211,MMM,1
2014-09-11,-0.0044250846988867,-0.0020049778761061,MMM,-1
2014-09-12,0.0031946662962704,-0.0028403186698995,MMM,-1
2014-09-15,-0.001938386985116,0.003751563151313,MMM,1
2014-09-16,-0.0025664146493721,0.0025609080841639,MMM,1
2014-09-17,0.0077885952712098,0.0035899206075251,MMM,1
2014-09-18,0.0053822798785537,0.010112127674211,MMM,1
2014-09-19,0.011805078929307,-0.0010215200217925,MMM,-1
2014-09-22,-0.0033916700583367,-0.0066807553343786,MMM,-1
2014-09-23,-0.011502858698611,-0.0091963489122229,MMM,-1
2014-09-24,-0.0072987674722854,0.0035325898732423,MMM,1
2014-09-25,0.0016647013941875,-0.016565433462176,MMM,-1
2014-09-26,-0.01308773630635,-0.00042111173498036,MMM,-1
2014-09-29,-0.011086163345495,-0.0016149417216682,MMM,-1
2014-09-30,0.011068539804172,-0.0035867501230747,MMM,-1
2014-10-01,-0.0094035087719298,-0.017645398080181,MMM,-1
2014-10-02,-0.018347973930292,-0.0036643195861476,MMM,-1
2014-10-03,0.0054845926246664,0.010817047667123,MMM,1
2014-10-06,0.0087561903394818,0.0012128130127703,MMM,1
2014-10-07,-0.012308786908574,-0.018953968932592,MMM,-1
2014-10-08,-0.0041060365941507,0.027091807088902,MMM,1
2014-10-09,0.020976491862568,-0.019588430804045,MMM,-1
2014-10-10,-0.012894084307474,-0.034694171956145,MMM,-1
2014-10-13,-0.036388430345224,-0.0069491145483076,MMM,-1
2014-10-14,-0.0045434232086994,0.0096313017306245,MMM,1
2014-10-15,-0.0081556303778526,0.00029810702042027,MMM,1
2014-10-16,0.006487628243814,0.0061838772165103,MMM,1
2014-10-17,0.017463648628392,0.017400962606442,MMM,1
2014-10-20,0.010313075506446,0.0014556040756913,MMM,1
2014-10-21,0.009114108640175,0.024200581395349,MMM,1
2014-10-22,0.018063583815029,-0.014049528134535,MMM,-1
2014-10-23,0.0072391767210786,0.043900683699173,MMM,1
2014-10-24,0.021702367531003,0.02440537745605,MMM,1
2014-10-27,0.021310344827586,0.0065280301500774,MMM,1
2014-10-28,0.011749611722601,0.010029419630917,MMM,1
2014-10-29,0.010411800040045,-0.000330994306898,MMM,-1
2014-10-30,-0.0059449104960696,0.0072180650288061,MMM,1
2014-10-31,0.022194165725297,0.010979618671926,MMM,1
2014-11-03,-0.0044854709744525,-0.0030565129739221,MMM,-1
2014-11-04,0.0050933786078099,0.011415525114155,MMM,1
2014-11-05,0.011434511434512,0.0041277007416961,MMM,1
2014-11-06,6.4234326824196e-05,0.0023122872374591,MMM,1
2014-11-07,0.0029545892478644,0.0032041012495995,MMM,1
2014-11-10,0.00064040986231184,0.0070903864580005,MMM,1
2014-11-11,0.01088,-0.0034885195991373,MMM,-1
2014-11-12,-0.008230452674897,0.0036280313156387,MMM,1
2014-11-13,0.008617938078519,0.0042491121258244,MMM,1
2014-11-14,0.0033544303797468,0.0031575623618566,MMM,1
2014-11-17,-0.0027754999053807,-0.0010072395341517,MMM,-1
2014-11-18,0.0049971535201467,0.0092003276829038,MMM,1
2014-11-19,0.002832326283988,-0.0082422728691851,MMM,-1
2014-11-20,-0.0071549614008662,0.0033369010892149,MMM,1
2014-11-21,0.013401605664075,0.005020080321285,MMM,1
2014-11-24,-0.00093568710623171,-0.0017482517482518,MMM,-1
2014-11-25,-0.0072427572427572,-0.01138353765324,MMM,-1
2014-11-26,-0.0064779874213837,0.0015816778438568,MMM,1
2014-11-28,0.010191808571248,0.011243762238646,MMM,1
2014-12-01,-0.0077077327985964,-0.012055718658255,MMM,-1
2014-12-02,0.0027155036311968,0.01542741527567,MMM,1
2014-12-03,0.014611412016627,0.010336239103362,MMM,1
2014-12-04,0.005586592178771,0.0,MMM,0
2014-12-05,0.0024691358024692,6.1629483545047e-05,MMM,1
2014-12-08,-0.0018472906403942,-0.0082578418684908,MMM,-1
2014-12-09,-0.013633559531154,-0.00062138818119676,MMM,-1
2014-12-10,0.0051285258615299,-0.016103960703849,MMM,-1
2014-12-11,-0.0095202538734366,0.0057507583417593,MMM,1
2014-12-12,-0.0038949616786029,-0.012755262331134,MMM,-1
2014-12-15,-0.0027749747729566,-0.0017184317718942,MMM,-1
2014-12-16,-0.0054389071591197,0.014026139623845,MMM,1
2014-12-17,0.012908559074145,0.0097453630933668,MMM,1
2014-12-18,0.01952413836399,0.029265255292653,MMM,1
2014-12-19,0.014655172413793,0.0010889292196006,MMM,1
2014-12-22,0.0087389246267751,0.010817017162195,MMM,1
2014-12-23,0.010829021778366,-0.0023913433371197,MMM,-1
2014-12-24,-0.011010593976908,0.00053934200275666,MMM,1
2014-12-26,0.0070409821267378,-0.0041926209870629,MMM,-1
2014-12-29,-0.0062148918369786,0.0027066041140384,MMM,1
2014-12-30,0.0015033072760072,-0.0052186431527803,MMM,-1
2014-12-31,-0.0033023116181328,-0.0091654606849976,MMM,-1
2015-01-02,-0.0077710843373493,-0.0015822784810126,MMM,-1
2015-01-05,-0.01038188331006,-0.022552724612946,MMM,-1
2015-01-06,-0.013374233128834,-0.010663507109005,MMM,-1
2015-01-07,-0.0057206815072751,0.0072486605735897,MMM,1
2015-01-08,0.0046904315196998,0.023967459324155,MMM,1
2015-01-09,0.019919078742608,-0.012283811037096,MMM,-1
2015-01-12,-0.008910588953311,-0.0054448706843212,MMM,-1
2015-01-13,-0.00098528234497196,-0.00074654721911164,MMM,-1
2015-01-14,-0.019663440793935,-0.0048561822936123,MMM,-1
2015-01-15,0.011632293762575,-0.0011261261261262,MMM,-1
2015-01-16,-0.0064018894897133,0.014656144306652,MMM,1
2015-01-20,0.017890654322532,-0.00037037037037038,MMM,-1
2015-01-21,-0.0065142576204523,0.003705075954057,MMM,1
2015-01-22,0.0098973153532104,0.020610311307986,MMM,1
2015-01-23,0.015251745681735,-0.011272529989752,MMM,-1
2015-01-26,-0.012850678733032,0.0013412998414827,MMM,1
2015-01-27,-0.0080063561911747,-0.0037140769605456,MMM,-1
2015-01-28,0.014170414638654,0.0018945181201491,MMM,1
2015-01-29,-0.0032804811372336,0.013358545809442,MMM,1
2015-01-30,0.0041445724385933,-0.023054234635526,MMM,-1
2015-02-02,-0.015963581183612,0.013062230437461,MMM,1
2015-02-03,0.018813224771774,0.0092446174431335,MMM,1
2015-02-04,0.0036931646182722,-0.0068096902494877,MMM,-1
2015-02-05,-0.0028350826396429,0.010557611795401,MMM,1
2015-02-06,0.0055653015546548,-0.0028820174121886,MMM,-1
2015-02-09,-0.011129158394995,-0.0074065153248629,MMM,-1
2015-02-10,0.0062051344445797,0.0059451589420043,MMM,1
2015-02-11,-0.0053204353083434,-0.0080810517428537,MMM,-1
2015-02-12,0.0024920982251398,0.00869406614786,MMM,1
2015-02-13,0.0058812829685321,0.00018082092700863,MMM,1
2015-02-17,0.00024110910186855,0.0059057490659274,MMM,1
2015-02-18,0.0024105098228276,0.0028756290438535,MMM,1
2015-02-19,0.0063724900805579,-0.0018518518518519,MMM,-1
2015-02-20,-0.0039426523297491,0.0061643425698725,MMM,1
2015-02-23,0.0083963056255246,0.0041042112776588,MMM,1
2015-02-24,0.00077316521946012,0.001836384100468,MMM,1
2015-02-25,0.004159980982944,-0.0013599810785242,MMM,-1
2015-02-26,-0.00071018523998346,0.0042631298478301,MMM,1
2015-02-27,0.004797157240154,-0.005660043629503,MMM,-1
2015-03-02,-0.0088412118354356,0.01096946338571,MMM,1
2015-03-03,0.0083848715509039,-0.01307917888563,MMM,-1
2015-03-04,-0.0077254231290912,-0.0065965412729543,MMM,-1
2015-03-05,-0.0062403423273504,0.0024527398899258,MMM,1
2015-03-06,-0.0042461575264638,-0.019156173539416,MMM,-1
2015-03-09,-0.010690690690691,0.012229252859576,MMM,1
2015-03-10,0.00054638173870813,-0.024703973072068,MMM,-1
2015-03-11,-0.01280262120017,-0.0032663626278812,MMM,-1
2015-03-12,-0.0006760909649661,0.016941816607927,MMM,1
2015-03-13,0.0087951288517129,-0.010518635617438,MMM,-1
2015-03-16,-0.0026825996829655,0.021322354676171,MMM,1
2015-03-17,0.011859640542854,-0.011912640635341,MMM,-1
2015-03-18,-0.014258095698405,0.013639408147111,MMM,1
2015-03-19,0.018386859524393,-0.0048657415750586,MMM,-1
2015-03-20,-0.00042128069330761,0.0050102619823736,MMM,1
2015-03-23,0.0044554157384551,-0.0021622920295514,MMM,-1
2015-03-24,-0.007492657195948,0.0011436826581593,MMM,1
2015-03-25,0.0039859886459717,-0.021765271765272,MMM,-1
2015-03-26,-0.025505293551492,-0.0006760909649661,MMM,-1
2015-03-27,0.0022222222222223,0.0055969001783627,MMM,1
2015-03-30,0.011332840601133,0.015596330275229,MMM,1
2015-03-31,0.0073690621193667,-0.0066245106895515,MMM,-1
2015-04-01,-0.0067710537452391,-0.014731736889967,MMM,-1
2015-04-02,-0.0055389859394972,0.0017228648781688,MMM,1
2015-04-06,-0.010527604357939,0.016461916461916,MMM,1
2015-04-07,0.023134974638129,0.0044114092337444,MMM,1
2015-04-08,0.0048972188633616,0.00036098911016186,MMM,1
2015-04-09,0.00024065940677451,0.0031274433150898,MMM,1
2015-04-10,0.0075187969924812,0.0016787577192877,MMM,1
2015-04-13,-0.0044179104477612,-0.0073621835158915,MMM,-1
2015-04-14,-0.0086351643079875,0.00090448625180901,MMM,1
2015-04-15,0.0084684248729737,0.0027110066871498,MMM,1
2015-04-16,-0.0059380998080615,-0.0033044941119924,MMM,-1
2015-04-17,-0.0072406926929342,-0.025197419977093,MMM,-1
2015-04-20,-0.0092992159484593,0.017314946509183,MMM,1
2015-04-21,0.016257668711656,-0.0031001154944988,MMM,-1
2015-04-22,-0.01110775731965,0.0040853658536585,MMM,1
2015-04-23,-0.026066784689579,-0.030424485334305,MMM,-1
2015-04-24,0.0016923655509591,-0.0041964173869472,MMM,-1
2015-04-27,-0.0020649521306552,-0.0063526007925028,MMM,-1
2015-04-28,-0.011223977928267,0.002215470312698,MMM,1
2015-04-29,-0.001712220178832,-0.0085896545190426,MMM,-1
2015-04-30,-0.0038114597890992,-0.0036949735618272,MMM,-1
2015-05-01,-0.00019130212983039,0.0082486092461156,MMM,1
2015-05-04,0.01026851202245,0.0084982242516489,MMM,1
2015-05-05,0.0029040404040405,-0.0069802540560937,MMM,-1
2015-05-06,-0.0059171597633138,-0.0017098347159775,MMM,-1
2015-05-07,-0.0043693009118541,0.0061532605937581,MMM,1
2015-05-08,0.019207530369522,0.012546497698758,MMM,1
2015-05-11,6.2402496099787e-05,-0.0043586550435865,MMM,-1
2015-05-12,-0.0096717833520528,0.0010631644777985,MMM,1
2015-05-13,0.010837376346796,0.0077466108577498,MMM,1
2015-05-14,0.01034719192171,0.011406608393776,MMM,1
2015-05-15,0.006539576778333,0.00091939932577386,MMM,1
2015-05-18,-0.00091939932577386,-0.00263319044703,MMM,-1
2015-05-19,0.00042944785276069,0.0015349665377295,MMM,1
2015-05-20,-0.0039860182743607,-0.0074791564492398,MMM,-1
2015-05-21,-0.0032015761605712,0.00098826436071647,MMM,1
2015-05-22,0.00055589870290305,-0.0066641984450204,MMM,-1
2015-05-26,-0.0062349527748628,-0.0086346129954031,MMM,-1
2015-05-27,-0.0072058640824947,0.0089604611817783,MMM,1
2015-05-28,0.0033162307596046,-0.00093156129673336,MMM,-1
2015-05-29,0.00056127221702528,-0.011126996954062,MMM,-1
2015-06-01,-0.0083520319122414,-0.00062861453356816,MMM,-1
2015-06-02,-0.0051539912005028,0.00062900993835717,MMM,1
2015-06-03,0.0084028304270913,0.0067890369625345,MMM,1
2015-06-04,-0.00062652715995253,-0.011301198801199,MMM,-1
2015-06-05,-0.0126010908407,-0.0080202083991158,MMM,-1
2015-06-08,-0.0063492063492063,-0.0031194295900179,MMM,-1
2015-06-09,0.0022364217252396,0.0024905804968388,MMM,1
2015-06-10,0.0006375518010838,0.013122690788636,MMM,1
2015-06-11,0.01382605925454,0.0051559356136822,MMM,1
2015-06-12,0.0045877325289089,-0.011384961841612,MMM,-1
2015-06-15,-0.017328745699093,-0.013730701088332,MMM,-1
2015-06-16,-0.010122230710466,0.0039776737024444,MMM,1
2015-06-17,0.0071387227474435,0.002939484951115,MMM,1
2015-06-18,0.0063218390804598,0.017011787193374,MMM,1
2015-06-19,0.011231677136874,-0.0041974689888486,MMM,-1
2015-06-22,0.003074799196787,0.0045926391947154,MMM,1
2015-06-23,0.0035032843290585,0.001002004008016,MMM,1
2015-06-24,-0.0045508384764042,-0.014389389389389,MMM,-1
2015-06-25,-0.011460420841683,-0.010283102704075,MMM,-1
2015-06-26,-0.010706366803928,0.0075038481272448,MMM,1
2015-06-29,-0.0015368852459017,-0.019988541600357,MMM,-1
2015-06-30,-0.0059004617752693,0.0022734654108478,MMM,1
2015-07-01,0.0072903225806451,0.008749189889825,MMM,1
2015-07-02,-0.00032024594888864,-0.0017346610986188,MMM,-1
2015-07-06,-0.014031266017427,-0.0019307504183291,MMM,-1
2015-07-07,0.0081226850347651,0.0022568996646892,MMM,1
2015-07-08,-0.0068325383524557,-0.01749983915589,MMM,-1
2015-07-09,0.003309968847352,0.0068102940213476,MMM,1
2015-07-10,0.00097030855812152,0.0078048780487804,MMM,1
2015-07-13,0.010856921287321,0.009809616005163,MMM,1
2015-07-14,0.00044751310574109,0.0019812104556784,MMM,1
2015-07-15,0.00051121477410687,-0.0049751243781095,MMM,-1
2015-07-16,0.0064507887845693,0.0074999999999999,MMM,1
2015-07-17,-0.0068536616321869,-0.0030540179423553,MMM,-1
2015-07-20,0.0017252396166135,0.0027442721296829,MMM,1
2015-07-21,-0.00012757542897245,-0.0086558044806518,MMM,-1
2015-07-22,-0.0074003189792663,-0.0022470467385721,MMM,-1
2015-07-23,-0.02358763416672,-0.038028440898269,MMM,-1
2015-07-24,-0.020142180094787,-0.0011371237458193,MMM,-1
2015-07-27,-0.0014778986967622,-0.0041518783901427,MMM,-1
2015-07-28,0.0014128094725512,0.016138793625177,MMM,1
2015-07-29,0.017400067181727,0.0022500165442391,MMM,1
2015-07-30,-0.002905441098785,0.00079234070650383,MMM,1
2015-07-31,0.010132450331126,-0.0015174506828527,MMM,-1
2015-08-03,-0.011407591949125,-0.0080613188846306,MMM,-1
2015-08-04,0.00092844353073821,0.001865174527045,MMM,1
2015-08-05,0.0060955409792618,0.0040558510638297,MMM,1
2015-08-06,-0.0063220283174186,-0.011588636514138,MMM,-1
2015-08-07,-0.015971900059646,-0.0024788958863728,MMM,-1
2015-08-10,0.010237068965517,0.015783464302505,MMM,1
2015-08-11,0.0,-0.018249140439037,MMM,-1
2015-08-12,-0.0184,0.00026939655172428,MMM,1
2015-08-13,0.0051616408584623,-0.0075410719095072,MMM,-1
2015-08-14,-0.0022972972972973,0.0059701492537313,MMM,1
2015-08-17,-0.0015576323987538,0.0064742379282439,MMM,1
2015-08-18,0.0081394560130231,-0.0062315733047441,MMM,-1
2015-08-19,-0.016349323824262,-0.016452026161419,MMM,-1
2015-08-20,-0.01155950752394,-0.017275656406389,MMM,-1
2015-08-21,-0.0068507369732197,-0.008789675619114,MMM,-1
2015-08-24,-0.044593088071349,-0.024702653247941,MMM,-1
2015-08-25,0.034568261376896,-0.0067830855823353,MMM,-1
2015-08-26,-0.013111518398421,0.036907875617553,MMM,1
2015-08-27,0.026785714285714,0.008267937219731,MMM,1
2015-08-28,-0.0050782608695651,0.0021542738012509,MMM,1
2015-08-31,-0.00013984058173689,-0.014354066985646,MMM,-1
2015-09-01,-0.024615384615385,-0.025608554945828,MMM,-1
2015-09-02,0.0075996558646401,0.019783393501805,MMM,1
2015-09-03,0.0099615767752953,0.0035400736335316,MMM,1
2015-09-04,-0.014090460758067,-0.013404825737265,MMM,-1
2015-09-08,0.015077890524511,0.025672196796339,MMM,1
2015-09-09,0.019781766983457,-0.017918148225615,MMM,-1
2015-09-10,-0.026646417230429,-0.00056793979838146,MMM,-1
2015-09-11,-0.0027659574468084,0.0034095752237533,MMM,1
2015-09-14,0.0064718014365977,-0.0031856151776865,MMM,-1
2015-09-15,0.00028264556246461,0.019813933669484,MMM,1
2015-09-16,0.013775077705566,0.0041782729805014,MMM,1
2015-09-17,0.0020904466587695,-0.0086685159500693,MMM,-1
2015-09-18,-0.018357555107434,-0.023294858342078,MMM,-1
2015-09-21,-0.0047460508606644,0.0030081650193381,MMM,1
2015-09-22,-0.015871886120996,-0.014424450157098,MMM,-1
2015-09-23,0.0018803789686844,-0.0026083176351254,MMM,-1
2015-09-24,-0.013715440698766,-0.00058114194391969,MMM,-1
2015-09-25,0.021883920076118,0.014391626689926,MMM,1
2015-09-28,-0.00945423291792,-0.0084551447406134,MMM,-1
2015-09-29,0.0023138105567606,0.022907934672641,MMM,1
2015-09-30,0.028134468330688,0.001554221123278,MMM,1
2015-10-01,-0.0021751333146225,-0.0068420681385342,MMM,-1
2015-10-02,-0.022009703958934,0.017045454545454,MMM,1
2015-10-05,0.037532355478861,0.021787709497207,MMM,1
2015-10-06,0.011711711711712,-0.003622197922362,MMM,-1
2015-10-07,0.0051373381738475,0.012003566774127,MMM,1
2015-10-08,-0.00061332969878699,0.013148976548733,MMM,1
2015-10-09,0.019843163995909,0.0028097404335029,MMM,1
2015-10-12,0.0046803958277614,0.0010673782521681,MMM,1
2015-10-13,-0.0089844269932117,-0.0063308010129281,MMM,-1
2015-10-14,0.0006043919145793,-0.0052981020722958,MMM,-1
2015-10-15,0.0042953020134227,0.0058656957928803,MMM,1
2015-10-16,0.00086875167067645,-0.0032844024398419,MMM,-1
2015-10-19,-0.01201842825666,-0.0047074646940147,MMM,-1
2015-10-20,-0.0035142258565926,0.0075000000000001,MMM,1
2015-10-21,0.013903017972194,0.0047615854067466,MMM,1
2015-10-22,0.012307692307692,0.041249499399279,MMM,1
2015-10-23,0.03435971983613,-0.0013461538461539,MMM,-1
2015-10-26,-0.0030663089306247,0.0048141729250915,MMM,1
2015-10-27,-0.00038446751249521,0.001213747285039,MMM,1
2015-10-28,0.0031410256410257,0.0086135392075545,MMM,1
2015-10-29,0.0080516326921847,-0.0029731781376518,MMM,-1
2015-10-30,0.00031695721077662,-0.0025379100310894,MMM,-1
2015-11-02,-0.0018377693282638,0.017238089180077,MMM,1
2015-11-03,0.012507142403657,-0.0073161580790394,MMM,-1
2015-11-04,-0.0030097817908201,0.001007874015748,MMM,1
2015-11-05,0.0023899371069182,0.00050342961424714,MMM,1
2015-11-06,-0.0085330656293135,0.0016982200138372,MMM,1
2015-11-09,0.0041134033666623,-0.011239482607058,MMM,-1
2015-11-10,-0.0090754395916052,0.00076204991426941,MMM,1
2015-11-11,0.0040068689181455,0.0092645472428454,MMM,1
2015-11-12,-0.00050677815786148,-0.017290160326941,MMM,-1
2015-11-13,-0.011281531246039,-0.0041586692258478,MMM,-1
2015-11-16,-0.0024999999999999,0.016447157083199,MMM,1
2015-11-17,0.017672386093439,-0.0074584413121801,MMM,-1
2015-11-18,-0.013766102551149,0.0022925555626313,MMM,1
2015-11-19,0.0092841593033678,0.0062901073765805,MMM,1
2015-11-20,0.0066611685592845,0.0035989392600075,MMM,1
2015-11-23,0.0013864381144442,-0.0018873859704308,MMM,-1
2015-11-24,-0.0096286972938955,-0.0056728647967224,MMM,-1
2015-11-25,0.0043845713922603,-0.00076069730586374,MMM,-1
2015-11-27,-0.003479691256485,0.0022838292203262,MMM,1
2015-11-30,0.0037457939178465,-0.0089246154819925,MMM,-1
2015-12-01,-0.010689437065149,0.0020436837399412,MMM,1
2015-12-02,0.0030049229588901,-0.0076481835564055,MMM,-1
2015-12-03,-0.0020397756246812,-0.0084778420038535,MMM,-1
2015-12-04,-0.011305569749617,0.024873688301593,MMM,1
2015-12-07,0.017701401899348,-0.002970547339148,MMM,-1
2015-12-08,-0.0069193169555006,-0.0060855784469097,MMM,-1
2015-12-09,-0.0017259013040144,-0.0047196887556603,MMM,-1
2015-12-10,-0.0028174425305756,0.0094200576738225,MMM,1
2015-12-11,-0.0011558466576766,-0.01707719654647,MMM,-1
2015-12-14,-0.0016714882674382,0.018084350578053,MMM,1
2015-12-15,-0.02125056346191,-0.060267715536383,MMM,-1
2015-12-16,-0.025264820053951,0.012286505096874,MMM,1
2015-12-17,0.013499831252109,-0.0073357785928643,MMM,-1
2015-12-18,-0.012920412920413,-0.012966073228082,MMM,-1
2015-12-21,-0.004250725322178,0.0038115981486523,MMM,1
2015-12-22,0.0036590323892126,0.010103064822349,MMM,1
2015-12-23,0.010599513907642,0.014700946499295,MMM,1
2015-12-24,0.0075489344645601,0.00019846520243451,MMM,1
2015-12-28,0.0020554303142819,0.00019842582181362,MMM,1
2015-12-29,0.007079997353272,0.011043512762862,MMM,1
2015-12-30,0.0038764783180027,-0.0064098371378114,MMM,-1
2015-12-31,-0.0069376268080372,-0.0083602132841815,MMM,-1
2016-01-04,-0.024253608383312,-0.025358470525757,MMM,-1
2016-01-05,-0.008308004052685,0.0043590791445308,MMM,1
2016-01-06,-0.0083776052308949,-0.020141055201411,MMM,-1
2016-01-07,-0.021086613091558,-0.024361547511939,MMM,-1
2016-01-08,-0.0081392085321358,-0.0034049797829325,MMM,-1
2016-01-11,-0.0027589134125638,-0.00021353833013027,MMM,-1
2016-01-12,0.0027665460736328,0.0028477858465044,MMM,1
2016-01-13,-0.0033248443689872,-0.015192389606702,MMM,-1
2016-01-14,-0.0081623961956134,0.017733564013841,MMM,1
2016-01-15,-0.010304851867754,-0.017637059073523,MMM,-1
2016-01-19,0.013015184381779,-0.0021630975556998,MMM,-1
2016-01-20,-0.022483940042827,-0.010333116554664,MMM,-1
2016-01-21,7.3019350127925e-05,0.005841121495327,MMM,1
2016-01-22,0.023218457943925,0.012775842044135,MMM,1
2016-01-25,-0.008420151277294,-0.013976490825688,MMM,-1
2016-01-26,0.020365572826713,0.052409682343534,MMM,1
2016-01-27,0.022286480005642,0.0053184141456003,MMM,1
2016-01-28,0.0083477061055537,0.012160769495019,MMM,1
2016-01-29,0.014230979748221,0.024979636166169,MMM,1
2016-02-01,0.0073529411764706,-0.015033112582782,MMM,-1
2016-02-02,-0.011652045804594,-0.0057822900558057,MMM,-1
2016-02-03,0.011992682431059,0.031446540880503,MMM,1
2016-02-04,0.020487412961971,0.0060319958038289,MMM,1
2016-02-05,0.0051174386563443,0.00019551616266945,MMM,1
2016-02-08,-0.010248041775457,0.0028018505245325,MMM,1
2016-02-09,0.0087054013058102,0.005458089668616,MMM,1
2016-02-10,0.0096763648251064,-0.014799017707122,MMM,-1
2016-02-11,-0.029268924431781,-0.011675959330928,MMM,-1
2016-02-12,0.010673070508972,0.021835800092918,MMM,1
2016-02-16,0.023034783182628,0.010197453884126,MMM,1
2016-02-17,0.0064516129032258,0.0070082942197647,MMM,1
2016-02-18,0.0022435897435897,0.0010215808964372,MMM,1
2016-02-19,0.0041573393028462,-0.0021048603138156,MMM,-1
2016-02-22,0.0031847133757962,0.0079897730904442,MMM,1
2016-02-23,0.0008253968253968,-0.0097019657577679,MMM,-1
2016-02-24,-0.017699676457527,0.0067234424025102,MMM,1
2016-02-25,0.017437354688711,0.01125810965526,MMM,1
2016-02-26,0.010219626761457,-0.0045285867035663,MMM,-1
2016-02-29,-0.007163053722903,-0.0088456435205662,MMM,-1
2016-03-01,0.0046832478957029,0.01733919806209,MMM,1
2016-03-02,0.00081889763779525,-0.0011278902186854,MMM,-1
2016-03-03,0.0033358509566969,-0.00018819396524685,MMM,-1
2016-03-04,0.00031365660874482,0.0043292759442841,MMM,1
2016-03-07,0.0032610058948952,0.003123633410383,MMM,1
2016-03-08,-0.0036254531816476,-0.0023042909634428,MMM,-1
2016-03-09,0.006900878293601,-0.00068664169787756,MMM,-1
2016-03-10,0.0016822429906543,-0.0012492972702856,MMM,-1
2016-03-11,0.0023014243950984,0.012446056663957,MMM,1
2016-03-14,0.0029167183815318,-0.00043241907585862,MMM,-1
2016-03-15,-0.0089722170657757,0.0037080526543477,MMM,1
2016-03-16,0.011238761238761,0.0029554830367588,MMM,1
2016-03-17,0.0074092368486045,0.0052796365645528,MMM,1
2016-03-18,0.0060676636430498,0.0096488549618321,MMM,1
2016-03-21,0.0054827901309778,-0.0029637694308354,MMM,-1
2016-03-22,-0.0033323235383218,0.00042465421014313,MMM,1
2016-03-23,0.00060790273556228,-0.0038809047359165,MMM,-1
2016-03-24,-0.0055893074119076,0.0011566323735314,MMM,1
2016-03-28,0.0076368523949169,0.011066520734525,MMM,1
2016-03-29,0.0,-0.01136636997835,MMM,-1
2016-03-30,0.0026677984599527,0.014356104385912,MMM,1
2016-03-31,0.0083449235048678,-0.00071964017991007,MMM,-1
2016-04-01,-0.0067166416791604,0.0054011882614175,MMM,1
2016-04-04,0.0089355793032664,-0.0067450605861636,MMM,-1
2016-04-05,-0.011549278918078,-0.0035456730769231,MMM,-1
2016-04-06,0.00096864027121926,0.0060309993365901,MMM,1
2016-04-07,0.0032659973388169,0.0020981955518254,MMM,1
2016-04-08,0.011032071376899,-0.0031706149796602,MMM,-1
2016-04-11,-0.0035179774610936,-0.00024005281161851,MMM,-1
2016-04-12,-0.0006582096696985,0.0086439762290654,MMM,1
2016-04-13,0.0087419914975152,0.0033327382015116,MMM,1
2016-04-14,0.0031459607051701,-0.0025505664630168,MMM,-1
2016-04-15,-0.0040236686390533,0.0036869647954329,MMM,1
2016-04-18,0.00089115969581752,0.0045621519137339,MMM,1
2016-04-19,0.008606873627352,0.0005897965202005,MMM,1
2016-04-20,0.0012947269303201,-0.0041850869437077,MMM,-1
2016-04-21,-0.006876689784883,-0.001657393157334,MMM,-1
2016-04-22,0.00071018523998346,0.0,MMM,0
2016-04-25,-0.0064462712165119,-0.0016601446697498,MMM,-1
2016-04-26,-0.0029761904761905,-0.01306568476066,MMM,-1
2016-04-27,-0.0030447761194029,0.0095077626669875,MMM,1
2016-04-28,-0.0008383735553028,-0.0045302813543156,MMM,-1
2016-04-29,0.00077914294276293,0.0022754491017964,MMM,1
2016-05-02,0.0019163971733143,0.0057354522643088,MMM,1
2016-05-03,0.00053795576808114,-0.0021979327551384,MMM,-1
2016-05-04,-0.0060935539757452,-0.0048222896945883,MMM,-1
2016-05-05,0.0065516619582858,0.0036491983728165,MMM,1
2016-05-06,0.0022691986145945,0.0066758061631995,MMM,1
2016-05-09,0.0044685414680648,-0.0021907750606902,MMM,-1
2016-05-10,0.0037961919449551,0.010325183954427,MMM,1
2016-05-11,0.0057318442356556,-0.0028779513684951,MMM,-1
2016-05-12,-0.0019976498237366,0.0022383224362372,MMM,1
2016-05-13,0.0011185682326622,-0.010755215985895,MMM,-1
2016-05-16,-0.0091149661864158,0.0073075095057035,MMM,1
2016-05-17,0.0063501483679525,-0.010262459451489,MMM,-1
2016-05-18,-0.018104617562069,-0.0058995292294858,MMM,-1
2016-05-19,-0.0067867867867868,-0.010250569476082,MMM,-1
2016-05-20,-0.00072564552216245,-0.00060565683483752,MMM,-1
2016-05-23,0.00018154311649017,0.0066662626507486,MMM,1
2016-05-24,0.011374636979671,0.015170670037927,MMM,1
2016-05-25,0.011007418042594,0.0080649943663643,MMM,1
2016-05-26,0.0059763313609467,-0.0063533149008766,MMM,-1
2016-05-27,-0.006470207634845,-0.00011840625185016,MMM,-1
2016-05-31,0.002427328162927,-0.0033749777961987,MMM,-1
2016-06-01,-0.0090952043467989,0.0021981939163498,MMM,1
2016-06-02,0.0055429729407558,-0.0038532218863003,MMM,-1
2016-06-03,-0.0039120384091044,0.0020233277791002,MMM,1
2016-06-06,0.0047604879500148,0.01009621095142,MMM,1
2016-06-07,0.0082913828842168,0.0048800564440262,MMM,1
2016-06-08,0.0041116005873714,0.0029840266807091,MMM,1
2016-06-09,-0.0026323486399531,-0.0075253762688134,MMM,-1
2016-06-10,-0.0072140762463343,-0.0092282372303532,MMM,-1
2016-06-13,-0.0048443315413246,-0.008483626008543,MMM,-1
2016-06-14,-0.0068863164143663,0.002872015796087,MMM,1
2016-06-15,0.0039452447845059,0.0011335839150409,MMM,1
2016-06-16,-0.0035724918130396,0.0126936829559,MMM,1
2016-06-17,0.015775321183149,-0.0058259283234273,MMM,-1
2016-06-20,0.0053532560738867,0.013555108322481,MMM,1
2016-06-21,0.0016383850204798,0.00081761373591085,MMM,1
2016-06-22,0.0037971725668887,-0.00081694578981161,MMM,-1
2016-06-23,0.0051213408601524,0.016819482567307,MMM,1
2016-06-24,-0.022233802327601,-0.028660042501867,MMM,-1
2016-06-27,-0.0064546692722213,-0.011412015137181,MMM,-1
2016-06-28,0.0021456669448086,0.014354925533824,MMM,1
2016-06-29,0.017128583323421,0.011380387994575,MMM,1
2016-06-30,0.0060811600982341,0.020988805970149,MMM,1
2016-07-01,0.017900732302685,0.0023983554134307,MMM,1
2016-07-05,-0.0015987210231813,0.00051270365728611,MMM,1
2016-07-06,0.0019444126729954,-0.0026760803962876,MMM,-1
2016-07-07,-0.00062785388127845,-0.0016556291390728,MMM,-1
2016-07-08,0.0044548517905077,0.012866700977869,MMM,1
2016-07-11,0.0087564678455677,0.0050248419150857,MMM,1
2016-07-12,0.007553125528437,0.0064603112184709,MMM,1
2016-07-13,0.0026293706293706,0.00027908015181967,MMM,1
2016-07-14,0.0051891529963174,0.0094302773282741,MMM,1
2016-07-15,0.0074937552039966,0.0027639579878386,MMM,1
2016-07-18,-0.00033057851239671,-0.0015986769570011,MMM,-1
2016-07-19,-0.001818783068783,0.00071779581469822,MMM,1
2016-07-20,0.0034233338854838,0.0009931582432133,MMM,1
2016-07-21,-0.0024211742695207,-0.0063940028662771,MMM,-1
2016-07-22,-0.0047989409233825,0.00099855763896598,MMM,1
2016-07-25,-0.0012193770092007,-0.0044890268233208,MMM,-1
2016-07-26,-0.016814650388457,-0.010966987696933,MMM,-1
2016-07-27,0.0013546311452278,0.0034335247101205,MMM,1
2016-07-28,0.0013527986021082,-0.0016267459471589,MMM,-1
2016-07-29,0.002589361103293,0.0021350713563323,MMM,1
2016-08-01,-0.0057829431250351,-0.00039246467817908,MMM,-1
2016-08-02,0.0084707476846623,0.00039261876717719,MMM,1
2016-08-03,0.00078396236980617,0.00011213276519389,MMM,1
2016-08-04,0.0013428827215757,-0.0031954254961318,MMM,-1
2016-08-05,-0.0039673670093876,0.0042742252966649,MMM,1
2016-08-08,0.0036465638148668,5.6000448003692e-05,MMM,1
2016-08-09,-0.0029625489100056,-0.0010639489304515,MMM,-1
2016-08-10,-0.0014015809833492,0.0024104490162005,MMM,1
2016-08-11,0.0053896249719291,0.01219103008612,MMM,1
2016-08-12,0.013345990618718,-0.0040331491712707,MMM,-1
2016-08-15,-0.0025899597729652,0.001608698064015,MMM,1
2016-08-16,-0.0048618784530386,-0.0072552060256978,MMM,-1
2016-08-17,-0.008050188763047,0.0034588563458857,MMM,1
2016-08-18,0.0057648178205631,-0.0038361038527826,MMM,-1
2016-08-19,-0.0057874234835837,0.0023998214086394,MMM,1
2016-08-22,0.0029105563640435,-0.0030065141139136,MMM,-1
2016-08-23,0.0023998214086394,0.0039090858323562,MMM,1
2016-08-24,-0.001113523745894,-0.0020025588251656,MMM,-1
2016-08-25,-0.0017836241012206,0.00094755030377357,MMM,1
2016-08-26,0.0061421631581886,-0.00094665330214955,MMM,-1
2016-08-29,-0.0018314001886896,0.0060754695947829,MMM,1
2016-08-30,0.0047814967196708,-0.0019390581717451,MMM,-1
2016-08-31,-0.0068061088977423,-0.0050513461004718,MMM,-1
2016-09-01,-0.0010028413839211,0.0041285427359963,MMM,1
2016-09-02,0.0068038592381908,0.0046116235137238,MMM,1
2016-09-06,0.00016617736664267,-0.0019357336430507,MMM,-1
2016-09-07,-0.0028799291094374,-0.003934389892497,MMM,-1
2016-09-08,-0.0047211730726505,0.0019471488178025,MMM,1
2016-09-09,-0.0016742005692283,-0.024764019988895,MMM,-1
2016-09-12,-0.021745206551512,0.01400592120246,MMM,1
2016-09-13,0.010457142857143,-0.011398090960135,MMM,-1
2016-09-14,-0.0049199796414636,-0.0025558016697904,MMM,-1
2016-09-15,-0.002443737213003,0.0055232889192575,MMM,1
2016-09-16,0.0019939611462428,-0.0086641372671159,MMM,-1
2016-09-19,0.0009665681146237,0.0094824631554895,MMM,1
2016-09-20,0.0094291394490201,0.0049796287913083,MMM,1
2016-09-21,0.00095661470935787,0.011204954954955,MMM,1
2016-09-22,0.010962446593209,0.0014477420791803,MMM,1
2016-09-23,-0.0023911471945727,-0.013678065054212,MMM,-1
2016-09-26,-0.014214046822743,-0.0081177067478437,MMM,-1
2016-09-27,-0.0070115917444161,0.0019892014776927,MMM,1
2016-09-28,0.0066624907465406,0.0073170731707317,MMM,1
2016-09-29,0.0039597239506731,-0.012500703868461,MMM,-1
2016-09-30,-0.0050709939148072,0.0049039174317157,MMM,1
2016-10-03,-0.0070789443878129,-0.0067525392952392,MMM,-1
2016-10-04,-0.0042206125591742,-0.019195612431444,MMM,-1
2016-10-05,-0.016782175382324,0.0041356011183596,MMM,1
2016-10-06,0.0015728766165677,-0.0043506003828528,MMM,-1
2016-10-07,-0.00017448961786774,-0.001806105802843,MMM,-1
2016-10-10,-0.00034904013961607,-0.0011089709916537,MMM,-1
2016-10-11,-0.0093109869646182,-0.008531027229169,MMM,-1
2016-10-12,-0.0037593984962407,0.00023573785950019,MMM,1
2016-10-13,-0.0043042452830188,0.0017676172519444,MMM,1
2016-10-14,0.012554035648724,0.0018233149041289,MMM,1
2016-10-17,-0.0026317328498744,-0.00070451476545532,MMM,-1
2016-10-18,0.0066846487627537,-0.0015275248222785,MMM,-1
2016-10-19,-0.005125815470643,-0.00023536334215941,MMM,-1
2016-10-20,-0.0072014051522249,-0.00029427343887931,MMM,-1
2016-10-21,-0.0086100135637199,-0.0021193924408337,MMM,-1
2016-10-24,0.027006126940694,0.010442477876106,MMM,1
2016-10-25,-0.018418766290182,-0.029427220178665,MMM,-1
2016-10-26,-0.022304832713755,0.0016844131624857,MMM,1
2016-10-27,0.0071217333574748,-0.0045042339799411,MMM,-1
2016-10-28,-0.0019176604542458,6.0328185328302e-05,MMM,1
2016-10-31,-0.00054037826478537,-0.0028352536647162,MMM,-1
2016-11-01,-0.0063678961912772,-0.0063520871143376,MMM,-1
2016-11-02,-0.0042321644498187,0.0090106544901065,MMM,1
2016-11-03,0.0087431693989071,0.0066373016351899,MMM,1
2016-11-04,0.0064403515107742,-0.0020979440148656,MMM,-1
2016-11-07,0.0056216733448956,0.019581931763575,MMM,1
2016-11-08,0.010407374368124,0.0075998586072817,MMM,1
2016-11-09,-0.023896409652737,-0.0037420335613636,MMM,-1
2016-11-10,0.026049204052098,0.022829978285111,MMM,1
2016-11-11,0.022860836859427,0.004590314436539,MMM,1
2016-11-14,0.006779661016949,-0.012394334018734,MMM,-1
2016-11-15,-0.011813045711351,0.0076918628188075,MMM,1
2016-11-16,-0.00017325017325018,-0.012798438934803,MMM,-1
2016-11-17,-0.0064691272454225,0.0044183477704786,MMM,1
2016-11-18,0.0029068077437358,0.0010997279620304,MMM,1
2016-11-21,-0.0063184742913454,-0.0083256244218316,MMM,-1
2016-11-22,0.001458406253646,0.0022737873134328,MMM,1
2016-11-23,0.002388303139745,0.0019777790704439,MMM,1
2016-11-25,0.00075546257554623,0.0071988388969522,MMM,1
2016-11-28,0.0078392660124267,-0.0057063807712261,MMM,-1
2016-11-29,-0.0058769301682416,0.0015652173913044,MMM,1
2016-11-30,-0.001970557551872,-0.0059616831625861,MMM,-1
2016-12-01,-0.0032520325203252,0.0051822522417607,MMM,1
2016-12-02,0.0051852714984853,-0.0011585471818339,MMM,-1
2016-12-05,0.00057960934330258,-0.0046975584295076,MMM,-1
2016-12-06,-0.0046921160864276,0.0010488288078313,MMM,1
2016-12-07,0.0032592247701083,0.024738067520373,MMM,1
2016-12-08,0.021464206984569,-0.00096563476285155,MMM,-1
2016-12-09,-0.004089050431622,0.014839663406868,MMM,1
2016-12-12,0.016480383211679,0.0064429379797186,MMM,1
2016-12-13,0.0074053295932678,-0.004509018036072,MMM,-1
2016-12-14,-0.0022832321657292,-0.012469943521781,MMM,-1
2016-12-15,-0.010605045769145,-0.0032842582106454,MMM,-1
2016-12-16,-0.0039490014667719,0.0081240768094533,MMM,1
2016-12-19,0.005946986859991,0.0040011270780502,MMM,1
2016-12-20,0.0041101289341816,0.0027503367759318,MMM,1
2016-12-21,0.0014578894246944,-0.0012314581584103,MMM,-1
2016-12-22,0.0016237402015677,0.0043154178109061,MMM,1
2016-12-23,0.0011180054782269,-0.0025111607142857,MMM,-1
2016-12-27,-0.0024010274163829,0.00095104895104888,MMM,1
2016-12-28,0.0012313892309414,-0.004694835680751,MMM,-1
2016-12-29,-0.0032983005366726,0.0018530997304581,MMM,1
2016-12-30,0.0039822760670818,0.00089681071688805,MMM,1
2017-01-03,-0.00094972067039099,-0.0029120232961863,MMM,-1
2017-01-04,-0.0044735223396522,0.0015164279696713,MMM,1
2017-01-05,0.0012919170926248,-0.0034208165096455,MMM,-1
2017-01-06,-0.0054414899584876,0.0029261155815654,MMM,1
2017-01-09,0.0060917141406735,-0.0053862986029287,MMM,-1
2017-01-10,-0.0056623871727308,-0.0038923675748858,MMM,-1
2017-01-11,-0.0041159224176817,0.0074187337184278,MMM,1
2017-01-12,0.0019249278152069,-0.0025296531564449,MMM,-1
2017-01-13,0.0034469119059728,-0.00028178539224533,MMM,-1
2017-01-17,-0.0032661335736007,-0.00073284852584698,MMM,-1
2017-01-18,0.0050847457627119,0.0069389597201851,MMM,1
2017-01-19,0.0075885328836425,0.0010644854053448,MMM,1
2017-01-20,-0.00027894002789407,-0.0010633534810835,MMM,-1
2017-01-23,-0.0071986607142857,0.00011205109529935,MMM,1
2017-01-24,-0.002304536001349,-0.01422889473979,MMM,-1
2017-01-25,-0.0023098591549296,0.0043189179973859,MMM,1
2017-01-26,-0.0044045400643741,0.00050925140044137,MMM,1
2017-01-27,0.0066360387953037,0.003732609433322,MMM,1
2017-01-30,-0.0012959206671174,-0.011606941627226,MMM,-1
2017-01-31,-0.014160789844852,-0.0034203625584312,MMM,-1
2017-02-01,0.0024607989012246,0.0020020592609541,MMM,1
2017-02-02,-0.0059370896843066,-0.0056516526802534,MMM,-1
2017-02-03,-0.00063171193935557,0.0049374210586748,MMM,1
2017-02-06,0.00057464659234567,0.00034277879341866,MMM,1
2017-02-07,0.011256604640478,0.0037692747001713,MMM,1
2017-02-08,-0.0026124488868696,0.007453345471097,MMM,1
2017-02-09,0.0071176403598679,0.006268707290902,MMM,1
2017-02-10,0.008085034205914,0.0046020877764058,MMM,1
2017-02-13,0.0087492989343803,0.011284916201117,MMM,1
2017-02-14,0.005559879906594,0.0032040658490774,MMM,1
2017-02-15,-0.0030963175937189,0.00055066079295151,MMM,1
2017-02-16,0.0080421519689406,0.0094111172261971,MMM,1
2017-02-17,0.0092434662998625,-0.0025080420914891,MMM,-1
2017-02-21,-0.0034890693997711,0.0022957092101668,MMM,1
2017-02-22,0.0033371628644894,0.014560724218793,MMM,1
2017-02-23,0.013685932388222,0.0061814663513223,MMM,1
2017-02-24,0.0048948415900167,0.0011752764570757,MMM,1
2017-02-27,0.0036398672519003,-0.0026679472813617,MMM,-1
2017-02-28,-0.0041066666666667,-0.0029960943769729,MMM,-1
2017-03-01,0.0072296899266322,0.018835524550577,MMM,1
2017-03-02,0.007337303275202,0.00015801116612226,MMM,1
2017-03-03,0.0020584820014778,-0.0030543999157406,MMM,-1
2017-03-06,-0.0048459309981564,-0.002165759864772,MMM,-1
2017-03-07,-0.003387498015138,0.0010058231868713,MMM,1
2017-03-08,0.0075946677996708,0.0022211645248294,MMM,1
2017-03-09,-0.0024773350200295,0.0020579388950452,MMM,1
2017-03-10,0.007344782034346,0.0068983675618747,MMM,1
2017-03-13,0.005927402433907,0.0016212541185085,MMM,1
2017-03-14,-0.0043802471710904,-0.0062134502923976,MMM,-1
2017-03-15,-0.0039281412035825,0.0045710082488309,MMM,1
2017-03-16,0.0046271952886739,-0.0046548117154811,MMM,-1
2017-03-17,-0.0012561499005548,0.010771898481425,MMM,1
2017-03-20,0.0089089194004822,0.0033790808899978,MMM,1
2017-03-21,0.0050384375649283,-0.0045593492565152,MMM,-1
2017-03-22,-0.0061501886402398,0.00046843283193673,MMM,1
2017-03-23,-0.0009360374414977,-0.0004161897825409,MMM,-1
2017-03-24,0.0,-0.003278859165192,MMM,-1
2017-03-27,-0.007391213824693,-0.0056393921988407,MMM,-1
2017-03-28,-0.0039853172522286,0.0029407131229323,MMM,1
2017-03-29,0.0034221333052543,-0.0016231216294047,MMM,-1
2017-03-30,0.00078702974972457,0.0031466331025802,MMM,1
2017-03-31,0.0029359337317815,0.0002613969050607,MMM,1
