Date,Sentiment,Sentiment High,Sentiment Low,News Volume,News Buzz
2013-01-01,0.0,0.0,0.0,0.0,0.0
2013-01-02,2.0,5.0,-2.0,42.0,10.0
2013-01-03,1.0,5.0,-4.0,47.0,10.0
2013-01-04,2.0,5.0,-3.0,37.0,7.0
2013-01-05,0.0,0.0,0.0,0.0,0.0
2013-01-06,2.0,5.0,-2.0,6.0,1.0
2013-01-07,1.0,5.0,-3.0,69.0,10.0
2013-01-08,-2.0,3.0,-5.0,60.0,8.0
2013-01-09,1.0,4.0,-4.0,78.0,10.0
2013-01-10,1.0,5.0,-3.0,33.0,4.0
2013-01-11,1.0,5.0,-4.0,73.0,9.0
2013-01-12,2.0,5.0,-2.0,11.0,1.0
2013-01-13,1.0,4.0,-3.0,8.0,1.0
2013-01-14,1.0,4.0,-4.0,85.0,10.0
2013-01-15,-2.0,3.0,-5.0,88.0,10.0
2013-01-16,-2.0,3.0,-5.0,161.0,10.0
2013-01-17,-1.0,4.0,-4.0,90.0,5.0
2013-01-18,1.0,5.0,-4.0,80.0,4.0
2013-01-19,2.0,5.0,-1.0,7.0,0.0
2013-01-20,-3.0,1.0,-5.0,4.0,0.0
2013-01-21,2.0,5.0,-2.0,31.0,1.0
2013-01-22,-1.0,3.0,-5.0,65.0,4.0
2013-01-23,-2.0,3.0,-5.0,60.0,3.0
2013-01-24,-1.0,4.0,-4.0,60.0,3.0
2013-01-25,2.0,5.0,-2.0,61.0,3.0
2013-01-26,4.0,5.0,2.0,7.0,0.0
2013-01-27,1.0,3.0,-3.0,2.0,0.0
2013-01-28,-1.0,4.0,-4.0,73.0,4.0
2013-01-29,-1.0,3.0,-4.0,48.0,2.0
2013-01-30,1.0,5.0,-4.0,36.0,2.0
2013-01-31,1.0,4.0,-4.0,42.0,2.0
2013-02-01,1.0,5.0,-3.0,35.0,2.0
2013-02-02,-2.0,2.0,-5.0,3.0,0.0
2013-02-03,0.0,0.0,0.0,0.0,0.0
2013-02-04,1.0,5.0,-3.0,42.0,2.0
2013-02-05,2.0,5.0,-3.0,74.0,4.0
2013-02-06,1.0,5.0,-4.0,39.0,2.0
2013-02-07,1.0,5.0,-3.0,39.0,2.0
2013-02-08,1.0,5.0,-3.0,50.0,3.0
2013-02-09,-2.0,2.0,-5.0,10.0,0.0
2013-02-10,-3.0,2.0,-5.0,5.0,0.0
2013-02-11,1.0,5.0,-4.0,54.0,3.0
2013-02-12,-1.0,3.0,-4.0,5.0,0.0
2013-02-13,0.0,0.0,0.0,0.0,0.0
2013-02-14,0.0,0.0,0.0,0.0,0.0
2013-02-15,0.0,0.0,0.0,0.0,0.0
2013-02-16,0.0,0.0,0.0,0.0,0.0
2013-02-17,0.0,0.0,0.0,0.0,0.0
2013-02-18,-1.0,4.0,-5.0,28.0,3.0
2013-02-19,1.0,5.0,-4.0,63.0,8.0
2013-02-20,-1.0,4.0,-5.0,57.0,7.0
2013-02-21,-1.0,4.0,-5.0,58.0,7.0
2013-02-22,-1.0,4.0,-5.0,53.0,7.0
2013-02-23,-1.0,4.0,-5.0,2.0,0.0
2013-02-24,-1.0,5.0,-5.0,5.0,0.0
2013-02-25,-1.0,4.0,-5.0,65.0,8.0
2013-02-26,-1.0,4.0,-5.0,62.0,8.0
2013-02-27,-1.0,4.0,-4.0,77.0,10.0
2013-02-28,-1.0,4.0,-4.0,67.0,8.0
2013-03-01,-2.0,3.0,-5.0,62.0,8.0
2013-03-02,-4.0,-3.0,-5.0,2.0,0.0
2013-03-03,-2.0,2.0,-5.0,5.0,0.0
2013-03-04,1.0,5.0,-4.0,57.0,7.0
2013-03-05,2.0,5.0,-3.0,39.0,5.0
2013-03-06,1.0,5.0,-4.0,52.0,6.0
2013-03-07,1.0,5.0,-4.0,57.0,7.0
2013-03-08,1.0,5.0,-4.0,83.0,10.0
2013-03-09,-2.0,3.0,-5.0,3.0,0.0
2013-03-10,-2.0,3.0,-5.0,9.0,1.0
2013-03-11,-1.0,4.0,-5.0,46.0,5.0
2013-03-12,1.0,5.0,-4.0,56.0,6.0
2013-03-13,-1.0,4.0,-5.0,50.0,6.0
2013-03-14,-1.0,4.0,-5.0,58.0,6.0
2013-03-15,-1.0,3.0,-5.0,83.0,10.0
2013-03-16,1.0,4.0,-3.0,6.0,0.0
2013-03-17,-1.0,3.0,-3.0,7.0,0.0
2013-03-18,-2.0,3.0,-5.0,68.0,8.0
2013-03-19,-2.0,3.0,-5.0,44.0,5.0
2013-03-20,-2.0,3.0,-5.0,43.0,5.0
2013-03-21,-1.0,4.0,-5.0,54.0,6.0
2013-03-22,1.0,5.0,-4.0,36.0,4.0
2013-03-23,1.0,4.0,-4.0,5.0,0.0
2013-03-24,-1.0,-1.0,-1.0,2.0,0.0
2013-03-25,-2.0,2.0,-5.0,60.0,7.0
2013-03-26,-1.0,4.0,-5.0,62.0,7.0
2013-03-27,-2.0,3.0,-5.0,42.0,5.0
2013-03-28,1.0,5.0,-4.0,43.0,5.0
2013-03-29,-2.0,3.0,-5.0,5.0,0.0
2013-03-30,-2.0,2.0,-5.0,5.0,0.0
2013-03-31,1.0,5.0,-5.0,5.0,0.0
2013-04-01,1.0,5.0,-4.0,35.0,4.0
2013-04-02,1.0,4.0,-4.0,51.0,6.0
2013-04-03,-2.0,3.0,-5.0,83.0,10.0
2013-04-04,-1.0,4.0,-4.0,62.0,7.0
2013-04-05,-1.0,4.0,-4.0,24.0,2.0
2013-04-06,5.0,5.0,5.0,1.0,0.0
2013-04-07,-3.0,1.0,-5.0,6.0,0.0
2013-04-08,1.0,5.0,-4.0,31.0,3.0
2013-04-09,-2.0,3.0,-5.0,46.0,5.0
2013-04-10,1.0,4.0,-4.0,88.0,10.0
2013-04-11,-1.0,4.0,-4.0,109.0,10.0
2013-04-12,1.0,5.0,-4.0,89.0,8.0
2013-04-13,5.0,5.0,5.0,3.0,0.0
2013-04-14,1.0,4.0,-4.0,18.0,1.0
2013-04-15,-1.0,3.0,-5.0,90.0,8.0
2013-04-16,1.0,4.0,-3.0,179.0,10.0
2013-04-17,-1.0,4.0,-4.0,89.0,4.0
2013-04-18,1.0,5.0,-4.0,55.0,3.0
2013-04-19,1.0,5.0,-4.0,60.0,3.0
2013-04-20,2.0,5.0,-3.0,6.0,0.0
2013-04-21,-1.0,4.0,-4.0,5.0,0.0
2013-04-22,2.0,5.0,-3.0,62.0,3.0
2013-04-23,1.0,4.0,-4.0,73.0,4.0
2013-04-24,1.0,4.0,-4.0,52.0,2.0
2013-04-25,1.0,4.0,-4.0,61.0,3.0
2013-04-26,-1.0,4.0,-5.0,81.0,4.0
2013-04-27,1.0,5.0,-4.0,14.0,0.0
2013-04-28,-3.0,-1.0,-5.0,5.0,0.0
2013-04-29,1.0,5.0,-4.0,105.0,5.0
2013-04-30,-1.0,4.0,-5.0,98.0,5.0
2013-05-01,-1.0,4.0,-5.0,99.0,5.0
2013-05-02,-1.0,4.0,-5.0,106.0,5.0
2013-05-03,1.0,4.0,-4.0,75.0,4.0
2013-05-04,-2.0,3.0,-5.0,23.0,1.0
2013-05-05,-1.0,2.0,-4.0,12.0,0.0
2013-05-06,1.0,5.0,-3.0,60.0,3.0
2013-05-07,-2.0,3.0,-5.0,62.0,3.0
2013-05-08,-1.0,4.0,-5.0,74.0,4.0
2013-05-09,-1.0,4.0,-4.0,77.0,4.0
2013-05-10,1.0,5.0,-4.0,56.0,3.0
2013-05-11,-3.0,1.0,-5.0,32.0,1.0
2013-05-12,-3.0,1.0,-5.0,12.0,0.0
2013-05-13,-2.0,3.0,-5.0,124.0,6.0
2013-05-14,-1.0,4.0,-4.0,150.0,8.0
2013-05-15,-1.0,4.0,-4.0,62.0,3.0
2013-05-16,1.0,4.0,-4.0,120.0,8.0
2013-05-17,1.0,5.0,-4.0,81.0,5.0
2013-05-18,-2.0,2.0,-5.0,10.0,0.0
2013-05-19,1.0,4.0,-3.0,23.0,1.0
2013-05-20,1.0,5.0,-3.0,133.0,8.0
2013-05-21,1.0,5.0,-4.0,177.0,10.0
2013-05-22,1.0,4.0,-4.0,150.0,8.0
2013-05-23,-1.0,4.0,-5.0,121.0,6.0
2013-05-24,1.0,5.0,-4.0,60.0,3.0
2013-05-25,2.0,5.0,-3.0,16.0,0.0
2013-05-26,1.0,5.0,-4.0,14.0,0.0
2013-05-27,-2.0,2.0,-5.0,21.0,1.0
2013-05-28,2.0,5.0,-3.0,84.0,4.0
2013-05-29,1.0,5.0,-3.0,75.0,4.0
2013-05-30,2.0,5.0,-3.0,121.0,6.0
2013-05-31,1.0,4.0,-4.0,54.0,3.0
2013-06-01,2.0,5.0,-3.0,16.0,0.0
2013-06-02,1.0,5.0,-4.0,18.0,1.0
2013-06-03,1.0,4.0,-4.0,80.0,4.0
2013-06-04,-1.0,4.0,-5.0,85.0,4.0
2013-06-05,-1.0,4.0,-4.0,111.0,6.0
2013-06-06,-1.0,4.0,-5.0,97.0,5.0
2013-06-07,2.0,5.0,-3.0,67.0,3.0
2013-06-08,1.0,4.0,-3.0,7.0,0.0
2013-06-09,1.0,4.0,-3.0,6.0,0.0
2013-06-10,-1.0,4.0,-4.0,48.0,2.0
2013-06-11,-1.0,3.0,-5.0,70.0,3.0
2013-06-12,1.0,4.0,-4.0,90.0,5.0
2013-06-13,-1.0,4.0,-5.0,122.0,6.0
2013-06-14,1.0,5.0,-4.0,66.0,3.0
2013-06-15,1.0,5.0,-4.0,7.0,0.0
2013-06-16,-1.0,3.0,-5.0,18.0,1.0
2013-06-17,1.0,4.0,-4.0,52.0,2.0
2013-06-18,1.0,5.0,-4.0,75.0,4.0
2013-06-19,-1.0,4.0,-4.0,59.0,3.0
2013-06-20,-2.0,2.0,-5.0,110.0,7.0
2013-06-21,-1.0,3.0,-5.0,84.0,6.0
2013-06-22,-1.0,4.0,-5.0,10.0,0.0
2013-06-23,1.0,5.0,-4.0,12.0,0.0
2013-06-24,-2.0,2.0,-5.0,137.0,10.0
2013-06-25,-1.0,4.0,-4.0,91.0,6.0
2013-06-26,-1.0,3.0,-5.0,85.0,6.0
2013-06-27,-2.0,3.0,-5.0,66.0,4.0
2013-06-28,1.0,5.0,-4.0,89.0,6.0
2013-06-29,-1.0,3.0,-5.0,8.0,0.0
2013-06-30,1.0,4.0,-4.0,15.0,1.0
2013-07-01,-1.0,4.0,-5.0,99.0,7.0
2013-07-02,1.0,5.0,-3.0,105.0,7.0
2013-07-03,-1.0,4.0,-5.0,85.0,6.0
2013-07-04,1.0,4.0,-4.0,48.0,3.0
2013-07-05,1.0,4.0,-4.0,76.0,5.0
2013-07-06,2.0,5.0,-2.0,13.0,0.0
2013-07-07,3.0,5.0,-1.0,14.0,1.0
2013-07-08,1.0,5.0,-4.0,112.0,8.0
2013-07-09,-1.0,4.0,-5.0,134.0,9.0
2013-07-10,1.0,5.0,-4.0,93.0,6.0
2013-07-11,1.0,5.0,-3.0,68.0,4.0
2013-07-12,1.0,5.0,-3.0,70.0,5.0
2013-07-13,-1.0,3.0,-5.0,30.0,2.0
2013-07-14,-2.0,2.0,-5.0,30.0,2.0
2013-07-15,-1.0,4.0,-5.0,129.0,9.0
2013-07-16,-2.0,3.0,-5.0,202.0,10.0
2013-07-17,1.0,4.0,-4.0,158.0,7.0
2013-07-18,-2.0,3.0,-5.0,77.0,3.0
2013-07-19,2.0,5.0,-3.0,109.0,5.0
2013-07-20,1.0,4.0,-3.0,16.0,0.0
2013-07-21,1.0,5.0,-3.0,15.0,0.0
2013-07-22,1.0,5.0,-4.0,89.0,4.0
2013-07-23,-1.0,3.0,-5.0,125.0,6.0
2013-07-24,-1.0,4.0,-5.0,102.0,5.0
2013-07-25,-1.0,3.0,-5.0,96.0,4.0
2013-07-26,-1.0,4.0,-5.0,113.0,5.0
2013-07-27,-1.0,5.0,-5.0,17.0,0.0
2013-07-28,-2.0,2.0,-5.0,19.0,0.0
2013-07-29,-1.0,4.0,-4.0,87.0,4.0
2013-07-30,-2.0,3.0,-5.0,113.0,5.0
2013-07-31,-1.0,4.0,-4.0,98.0,4.0
2013-08-01,-3.0,1.0,-5.0,180.0,8.0
2013-08-02,-2.0,3.0,-5.0,104.0,5.0
2013-08-03,-2.0,3.0,-5.0,13.0,0.0
2013-08-04,-2.0,3.0,-5.0,38.0,1.0
2013-08-05,-2.0,2.0,-5.0,104.0,5.0
2013-08-06,-1.0,4.0,-5.0,75.0,3.0
2013-08-07,-1.0,4.0,-5.0,133.0,6.0
2013-08-08,1.0,5.0,-4.0,75.0,3.0
2013-08-09,1.0,5.0,-4.0,83.0,4.0
2013-08-10,-2.0,3.0,-5.0,10.0,0.0
2013-08-11,-1.0,3.0,-4.0,12.0,0.0
2013-08-12,-2.0,2.0,-5.0,93.0,4.0
2013-08-13,-1.0,4.0,-5.0,75.0,3.0
2013-08-14,-1.0,4.0,-5.0,38.0,1.0
2013-08-15,1.0,4.0,-4.0,62.0,3.0
2013-08-16,1.0,5.0,-3.0,64.0,3.0
2013-08-17,2.0,5.0,-3.0,12.0,0.0
2013-08-18,2.0,5.0,-3.0,5.0,0.0
2013-08-19,-1.0,4.0,-4.0,37.0,2.0
2013-08-20,-1.0,4.0,-5.0,57.0,3.0
2013-08-21,-2.0,2.0,-5.0,126.0,7.0
2013-08-22,-2.0,2.0,-5.0,83.0,4.0
2013-08-23,-2.0,3.0,-5.0,51.0,2.0
2013-08-24,1.0,5.0,-4.0,15.0,0.0
2013-08-25,-4.0,-1.0,-5.0,8.0,0.0
2013-08-26,-2.0,3.0,-5.0,87.0,4.0
2013-08-27,1.0,4.0,-4.0,51.0,2.0
2013-08-28,1.0,5.0,-4.0,35.0,1.0
2013-08-29,-1.0,4.0,-4.0,62.0,3.0
2013-08-30,-1.0,3.0,-5.0,80.0,4.0
2013-08-31,-1.0,4.0,-4.0,5.0,0.0
2013-09-01,1.0,4.0,-3.0,11.0,0.0
2013-09-02,1.0,5.0,-5.0,30.0,2.0
2013-09-03,-1.0,4.0,-5.0,100.0,7.0
2013-09-04,-1.0,4.0,-5.0,88.0,6.0
2013-09-05,2.0,5.0,-2.0,59.0,4.0
2013-09-06,2.0,5.0,-2.0,55.0,4.0
2013-09-07,2.0,5.0,-4.0,4.0,0.0
2013-09-08,-1.0,3.0,-5.0,25.0,1.0
2013-09-09,-1.0,4.0,-4.0,136.0,10.0
2013-09-10,-1.0,4.0,-4.0,180.0,10.0
2013-09-11,-1.0,4.0,-4.0,140.0,7.0
2013-09-12,1.0,5.0,-3.0,162.0,9.0
2013-09-13,1.0,5.0,-4.0,138.0,7.0
2013-09-14,2.0,5.0,-2.0,15.0,0.0
2013-09-15,-3.0,2.0,-5.0,33.0,1.0
2013-09-16,1.0,4.0,-4.0,96.0,5.0
2013-09-17,1.0,5.0,-4.0,116.0,6.0
2013-09-18,2.0,5.0,-3.0,139.0,7.0
2013-09-19,1.0,5.0,-3.0,134.0,7.0
2013-09-20,-1.0,4.0,-5.0,162.0,9.0
2013-09-21,1.0,5.0,-4.0,11.0,0.0
2013-09-22,-2.0,3.0,-5.0,19.0,1.0
2013-09-23,-1.0,4.0,-5.0,131.0,7.0
2013-09-24,1.0,5.0,-4.0,119.0,6.0
2013-09-25,-2.0,3.0,-5.0,126.0,7.0
2013-09-26,1.0,4.0,-4.0,138.0,7.0
2013-09-27,1.0,5.0,-4.0,160.0,8.0
2013-09-28,-3.0,2.0,-5.0,24.0,1.0
2013-09-29,-1.0,4.0,-5.0,35.0,1.0
2013-09-30,-1.0,4.0,-5.0,111.0,6.0
2013-10-01,-1.0,4.0,-5.0,177.0,9.0
2013-10-02,-2.0,3.0,-5.0,185.0,10.0
2013-10-03,-1.0,3.0,-5.0,160.0,8.0
2013-10-04,1.0,5.0,-4.0,100.0,5.0
2013-10-05,1.0,5.0,-4.0,14.0,0.0
2013-10-06,-1.0,4.0,-5.0,17.0,0.0
2013-10-07,-2.0,2.0,-5.0,108.0,5.0
2013-10-08,-1.0,4.0,-5.0,132.0,7.0
2013-10-09,-1.0,3.0,-5.0,108.0,5.0
2013-10-10,-2.0,3.0,-5.0,133.0,7.0
2013-10-11,-1.0,4.0,-4.0,120.0,6.0
2013-10-12,-1.0,3.0,-5.0,17.0,0.0
2013-10-13,-3.0,1.0,-5.0,43.0,2.0
2013-10-14,-1.0,4.0,-5.0,88.0,4.0
2013-10-15,-1.0,4.0,-4.0,102.0,5.0
2013-10-16,-1.0,3.0,-5.0,105.0,5.0
2013-10-17,-3.0,1.0,-5.0,170.0,9.0
2013-10-18,-1.0,3.0,-5.0,114.0,6.0
2013-10-19,1.0,5.0,-4.0,21.0,1.0
2013-10-20,1.0,4.0,-4.0,18.0,0.0
2013-10-21,1.0,4.0,-4.0,101.0,5.0
2013-10-22,-1.0,4.0,-5.0,98.0,5.0
2013-10-23,2.0,5.0,-3.0,116.0,6.0
2013-10-24,2.0,5.0,-3.0,95.0,5.0
2013-10-25,2.0,5.0,-3.0,62.0,3.0
2013-10-26,2.0,5.0,-2.0,8.0,0.0
2013-10-27,3.0,5.0,-2.0,23.0,1.0
2013-10-28,-1.0,4.0,-5.0,72.0,3.0
2013-10-29,1.0,5.0,-4.0,72.0,3.0
2013-10-30,3.0,5.0,-1.0,77.0,4.0
2013-10-31,1.0,5.0,-4.0,90.0,4.0
2013-11-01,-1.0,4.0,-5.0,86.0,5.0
2013-11-02,-2.0,1.0,-5.0,20.0,1.0
2013-11-03,1.0,5.0,-4.0,25.0,1.0
2013-11-04,2.0,5.0,-3.0,106.0,6.0
2013-11-05,1.0,5.0,-4.0,122.0,7.0
2013-11-06,1.0,5.0,-3.0,129.0,7.0
2013-11-07,-1.0,4.0,-4.0,114.0,6.0
2013-11-08,2.0,5.0,-3.0,139.0,8.0
2013-11-09,3.0,5.0,-1.0,22.0,1.0
2013-11-10,1.0,4.0,-4.0,19.0,1.0
2013-11-11,1.0,5.0,-4.0,72.0,4.0
2013-11-12,1.0,5.0,-4.0,110.0,6.0
2013-11-13,1.0,4.0,-4.0,88.0,5.0
2013-11-14,-1.0,4.0,-4.0,113.0,6.0
2013-11-15,-1.0,4.0,-4.0,93.0,5.0
2013-11-16,-1.0,4.0,-5.0,24.0,1.0
2013-11-17,3.0,5.0,-2.0,30.0,2.0
2013-11-18,1.0,4.0,-4.0,109.0,7.0
2013-11-19,1.0,5.0,-4.0,79.0,5.0
2013-11-20,1.0,5.0,-4.0,132.0,9.0
2013-11-21,-1.0,4.0,-5.0,132.0,9.0
2013-11-22,2.0,5.0,-3.0,86.0,6.0
2013-11-23,-1.0,4.0,-4.0,20.0,1.0
2013-11-24,1.0,5.0,-5.0,17.0,1.0
2013-11-25,-1.0,4.0,-4.0,120.0,8.0
2013-11-26,-1.0,4.0,-4.0,146.0,10.0
2013-11-27,-1.0,4.0,-5.0,110.0,7.0
2013-11-28,1.0,4.0,-4.0,54.0,3.0
2013-11-29,1.0,5.0,-4.0,79.0,5.0
2013-11-30,-1.0,4.0,-5.0,12.0,0.0
2013-12-01,-1.0,4.0,-4.0,11.0,0.0
2013-12-02,-1.0,4.0,-5.0,153.0,10.0
2013-12-03,-1.0,3.0,-5.0,139.0,9.0
2013-12-04,-1.0,4.0,-4.0,119.0,7.0
2013-12-05,-1.0,4.0,-4.0,104.0,6.0
2013-12-06,-1.0,4.0,-5.0,86.0,5.0
2013-12-07,-2.0,2.0,-5.0,16.0,1.0
2013-12-08,2.0,5.0,-2.0,17.0,1.0
2013-12-09,-1.0,4.0,-4.0,74.0,4.0
2013-12-10,-1.0,3.0,-5.0,120.0,7.0
2013-12-11,1.0,5.0,-4.0,57.0,3.0
2013-12-12,2.0,5.0,-3.0,135.0,8.0
2013-12-13,1.0,4.0,-4.0,94.0,6.0
2013-12-14,5.0,5.0,4.0,7.0,0.0
2013-12-15,-3.0,1.0,-5.0,19.0,1.0
2013-12-16,2.0,5.0,-2.0,97.0,6.0
2013-12-17,1.0,4.0,-4.0,88.0,5.0
2013-12-18,1.0,5.0,-3.0,99.0,6.0
2013-12-19,1.0,5.0,-4.0,59.0,3.0
2013-12-20,1.0,5.0,-4.0,93.0,6.0
2013-12-21,-2.0,3.0,-5.0,11.0,0.0
2013-12-22,-1.0,4.0,-5.0,10.0,0.0
2013-12-23,2.0,5.0,-3.0,43.0,2.0
2013-12-24,1.0,4.0,-4.0,50.0,3.0
2013-12-25,1.0,5.0,-4.0,14.0,0.0
2013-12-26,2.0,5.0,-2.0,37.0,2.0
2013-12-27,-2.0,4.0,-5.0,29.0,1.0
2013-12-28,1.0,4.0,-4.0,7.0,0.0
2013-12-29,2.0,5.0,-3.0,8.0,0.0
2013-12-30,-1.0,4.0,-5.0,33.0,2.0
2013-12-31,2.0,5.0,-3.0,36.0,2.0
2014-01-01,1.0,5.0,-3.0,8.0,0.0
2014-01-02,2.0,5.0,-3.0,73.0,5.0
2014-01-03,-1.0,4.0,-4.0,77.0,5.0
2014-01-04,-2.0,3.0,-5.0,17.0,1.0
2014-01-05,-3.0,1.0,-5.0,13.0,0.0
2014-01-06,-1.0,4.0,-5.0,89.0,6.0
2014-01-07,-1.0,4.0,-5.0,129.0,9.0
2014-01-08,-1.0,4.0,-4.0,101.0,7.0
2014-01-09,1.0,4.0,-4.0,79.0,5.0
2014-01-10,1.0,5.0,-3.0,86.0,6.0
2014-01-11,1.0,5.0,-4.0,23.0,1.0
2014-01-12,2.0,5.0,-2.0,24.0,1.0
2014-01-13,-1.0,4.0,-5.0,127.0,9.0
2014-01-14,-1.0,4.0,-5.0,116.0,8.0
2014-01-15,-1.0,4.0,-4.0,108.0,8.0
2014-01-16,-3.0,2.0,-5.0,172.0,10.0
2014-01-17,1.0,4.0,-4.0,135.0,7.0
2014-01-18,-1.0,4.0,-4.0,21.0,1.0
2014-01-19,1.0,4.0,-4.0,11.0,0.0
2014-01-20,-1.0,4.0,-4.0,57.0,3.0
2014-01-21,-1.0,4.0,-4.0,104.0,6.0
2014-01-22,1.0,4.0,-4.0,94.0,5.0
2014-01-23,-1.0,4.0,-4.0,85.0,4.0
2014-01-24,-1.0,4.0,-5.0,84.0,4.0
2014-01-25,3.0,5.0,-1.0,14.0,0.0
2014-01-26,3.0,5.0,-1.0,10.0,0.0
2014-01-27,-1.0,4.0,-5.0,63.0,3.0
2014-01-28,1.0,5.0,-4.0,60.0,3.0
2014-01-29,-1.0,3.0,-5.0,84.0,4.0
2014-01-30,-1.0,3.0,-5.0,107.0,6.0
2014-01-31,-1.0,4.0,-5.0,135.0,7.0
2014-02-01,-1.0,4.0,-5.0,28.0,1.0
2014-02-02,-1.0,4.0,-5.0,11.0,0.0
2014-02-03,-1.0,4.0,-5.0,103.0,5.0
2014-02-04,1.0,4.0,-4.0,101.0,5.0
2014-02-05,-1.0,4.0,-5.0,100.0,5.0
2014-02-06,1.0,5.0,-4.0,97.0,5.0
2014-02-07,-1.0,4.0,-4.0,82.0,4.0
2014-02-08,-2.0,3.0,-5.0,15.0,0.0
2014-02-09,-2.0,2.0,-5.0,8.0,0.0
2014-02-10,1.0,5.0,-4.0,73.0,4.0
2014-02-11,1.0,4.0,-3.0,135.0,7.0
2014-02-12,1.0,4.0,-4.0,119.0,6.0
2014-02-13,-1.0,4.0,-5.0,76.0,4.0
2014-02-14,-1.0,4.0,-4.0,104.0,6.0
2014-02-15,1.0,5.0,-4.0,19.0,1.0
2014-02-16,-1.0,4.0,-5.0,12.0,0.0
2014-02-17,2.0,5.0,-2.0,43.0,3.0
2014-02-18,1.0,5.0,-3.0,73.0,5.0
2014-02-19,1.0,5.0,-4.0,47.0,3.0
2014-02-20,1.0,5.0,-3.0,66.0,4.0
2014-02-21,1.0,5.0,-4.0,91.0,6.0
2014-02-22,-1.0,4.0,-5.0,14.0,1.0
2014-02-23,2.0,5.0,-3.0,11.0,0.0
2014-02-24,1.0,5.0,-4.0,83.0,6.0
2014-02-25,1.0,5.0,-4.0,108.0,8.0
2014-02-26,2.0,5.0,-3.0,101.0,7.0
2014-02-27,2.0,5.0,-3.0,68.0,5.0
2014-02-28,-1.0,3.0,-5.0,83.0,6.0
2014-03-01,-2.0,3.0,-5.0,28.0,2.0
2014-03-02,-1.0,4.0,-4.0,9.0,0.0
2014-03-03,1.0,4.0,-4.0,80.0,5.0
2014-03-04,1.0,5.0,-4.0,88.0,6.0
2014-03-05,1.0,5.0,-4.0,83.0,6.0
2014-03-06,1.0,5.0,-3.0,86.0,6.0
2014-03-07,1.0,5.0,-4.0,116.0,8.0
2014-03-08,1.0,5.0,-4.0,26.0,1.0
2014-03-09,2.0,5.0,-3.0,17.0,1.0
2014-03-10,1.0,5.0,-4.0,81.0,6.0
2014-03-11,1.0,5.0,-3.0,64.0,4.0
2014-03-12,-1.0,4.0,-4.0,147.0,10.0
2014-03-13,-1.0,4.0,-4.0,146.0,9.0
2014-03-14,1.0,5.0,-4.0,119.0,8.0
2014-03-15,2.0,5.0,-2.0,15.0,1.0
2014-03-16,1.0,5.0,-4.0,27.0,1.0
2014-03-17,2.0,5.0,-3.0,82.0,5.0
2014-03-18,2.0,5.0,-3.0,110.0,7.0
2014-03-19,-1.0,4.0,-4.0,108.0,7.0
2014-03-20,-1.0,4.0,-4.0,135.0,9.0
2014-03-21,-1.0,3.0,-5.0,144.0,9.0
2014-03-22,-1.0,3.0,-5.0,19.0,1.0
2014-03-23,1.0,5.0,-3.0,19.0,1.0
2014-03-24,-1.0,4.0,-4.0,53.0,3.0
2014-03-25,-1.0,4.0,-4.0,101.0,6.0
2014-03-26,1.0,4.0,-4.0,85.0,5.0
2014-03-27,2.0,5.0,-3.0,96.0,6.0
2014-03-28,2.0,5.0,-3.0,106.0,7.0
2014-03-29,-1.0,4.0,-4.0,11.0,0.0
2014-03-30,-2.0,3.0,-5.0,30.0,2.0
2014-03-31,2.0,5.0,-2.0,61.0,4.0
2014-04-01,1.0,5.0,-4.0,115.0,7.0
2014-04-02,1.0,5.0,-4.0,151.0,10.0
2014-04-03,1.0,4.0,-4.0,84.0,5.0
2014-04-04,3.0,5.0,-1.0,115.0,7.0
2014-04-05,-1.0,4.0,-5.0,10.0,0.0
2014-04-06,1.0,4.0,-2.0,19.0,1.0
2014-04-07,1.0,4.0,-3.0,89.0,5.0
2014-04-08,1.0,4.0,-4.0,139.0,9.0
2014-04-09,-1.0,4.0,-5.0,141.0,9.0
2014-04-10,-1.0,4.0,-5.0,131.0,8.0
2014-04-11,1.0,5.0,-4.0,79.0,5.0
2014-04-12,2.0,5.0,-3.0,19.0,1.0
2014-04-13,2.0,5.0,-2.0,21.0,1.0
2014-04-14,2.0,5.0,-3.0,133.0,8.0
2014-04-15,2.0,5.0,-2.0,91.0,6.0
2014-04-16,2.0,5.0,-2.0,89.0,5.0
2014-04-17,-1.0,3.0,-5.0,128.0,8.0
2014-04-18,-1.0,4.0,-4.0,48.0,3.0
2014-04-19,2.0,5.0,-3.0,8.0,0.0
2014-04-20,-1.0,4.0,-4.0,8.0,0.0
2014-04-21,2.0,5.0,-2.0,45.0,2.0
2014-04-22,2.0,5.0,-3.0,72.0,4.0
2014-04-23,-1.0,4.0,-5.0,69.0,4.0
2014-04-24,-1.0,4.0,-5.0,64.0,4.0
2014-04-25,2.0,5.0,-3.0,54.0,3.0
2014-04-26,-1.0,4.0,-5.0,15.0,0.0
2014-04-27,-1.0,3.0,-4.0,16.0,1.0
2014-04-28,-1.0,4.0,-4.0,35.0,2.0
2014-04-29,-1.0,4.0,-5.0,88.0,5.0
2014-04-30,1.0,5.0,-4.0,79.0,5.0
2014-05-01,1.0,5.0,-4.0,49.0,3.0
2014-05-02,1.0,4.0,-3.0,58.0,4.0
2014-05-03,-1.0,4.0,-5.0,4.0,0.0
2014-05-04,-1.0,4.0,-4.0,24.0,1.0
2014-05-05,-1.0,4.0,-5.0,67.0,4.0
2014-05-06,2.0,5.0,-3.0,88.0,6.0
2014-05-07,1.0,5.0,-4.0,82.0,5.0
2014-05-08,1.0,5.0,-4.0,73.0,5.0
2014-05-09,-1.0,4.0,-4.0,90.0,6.0
2014-05-10,1.0,5.0,-3.0,24.0,1.0
2014-05-11,3.0,5.0,-1.0,12.0,0.0
2014-05-12,1.0,5.0,-4.0,103.0,7.0
2014-05-13,-1.0,4.0,-5.0,98.0,7.0
2014-05-14,-1.0,4.0,-4.0,77.0,6.0
2014-05-15,1.0,5.0,-4.0,78.0,6.0
2014-05-16,1.0,5.0,-4.0,79.0,6.0
2014-05-17,-1.0,4.0,-5.0,12.0,1.0
2014-05-18,-2.0,1.0,-5.0,26.0,2.0
2014-05-19,1.0,5.0,-4.0,61.0,5.0
2014-05-20,1.0,5.0,-4.0,75.0,7.0
2014-05-21,1.0,5.0,-4.0,76.0,7.0
2014-05-22,1.0,5.0,-3.0,85.0,8.0
2014-05-23,1.0,5.0,-4.0,90.0,8.0
2014-05-24,-2.0,3.0,-5.0,28.0,2.0
2014-05-25,1.0,5.0,-4.0,14.0,1.0
2014-05-26,2.0,5.0,-3.0,31.0,3.0
2014-05-27,1.0,5.0,-4.0,99.0,9.0
2014-05-28,1.0,5.0,-4.0,128.0,10.0
2014-05-29,1.0,4.0,-4.0,80.0,6.0
2014-05-30,-1.0,4.0,-5.0,83.0,6.0
2014-05-31,-3.0,1.0,-5.0,19.0,1.0
2014-06-01,-1.0,5.0,-5.0,14.0,1.0
2014-06-02,1.0,4.0,-4.0,86.0,6.0
2014-06-03,1.0,5.0,-3.0,106.0,8.0
2014-06-04,-1.0,4.0,-5.0,101.0,7.0
2014-06-05,-1.0,4.0,-4.0,70.0,5.0
2014-06-06,-1.0,4.0,-4.0,78.0,6.0
2014-06-07,-1.0,3.0,-5.0,14.0,1.0
2014-06-08,-1.0,3.0,-5.0,18.0,1.0
2014-06-09,1.0,5.0,-4.0,54.0,4.0
2014-06-10,-1.0,4.0,-5.0,119.0,9.0
2014-06-11,-2.0,3.0,-5.0,157.0,10.0
2014-06-12,-2.0,3.0,-5.0,120.0,7.0
2014-06-13,1.0,4.0,-4.0,64.0,4.0
2014-06-14,-1.0,3.0,-5.0,8.0,0.0
2014-06-15,-1.0,3.0,-4.0,14.0,0.0
2014-06-16,-1.0,4.0,-4.0,103.0,6.0
2014-06-17,-2.0,3.0,-5.0,130.0,8.0
2014-06-18,-1.0,4.0,-4.0,82.0,5.0
2014-06-19,1.0,5.0,-4.0,79.0,5.0
2014-06-20,1.0,5.0,-3.0,56.0,3.0
2014-06-21,-1.0,5.0,-5.0,5.0,0.0
2014-06-22,-2.0,3.0,-5.0,22.0,1.0
2014-06-23,1.0,5.0,-4.0,106.0,6.0
2014-06-24,-1.0,4.0,-4.0,72.0,4.0
2014-06-25,2.0,5.0,-3.0,58.0,3.0
2014-06-26,1.0,5.0,-3.0,70.0,4.0
2014-06-27,-1.0,4.0,-4.0,57.0,3.0
2014-06-28,1.0,5.0,-5.0,5.0,0.0
2014-06-29,-3.0,1.0,-5.0,7.0,0.0
2014-06-30,1.0,5.0,-4.0,71.0,4.0
2014-07-01,2.0,5.0,-3.0,189.0,10.0
2014-07-02,1.0,5.0,-4.0,133.0,7.0
2014-07-03,1.0,5.0,-4.0,104.0,5.0
2014-07-04,2.0,5.0,-3.0,39.0,2.0
2014-07-05,3.0,5.0,-1.0,6.0,0.0
2014-07-06,-1.0,4.0,-4.0,22.0,1.0
2014-07-07,-1.0,4.0,-5.0,127.0,6.0
2014-07-08,-2.0,3.0,-5.0,95.0,5.0
2014-07-09,-1.0,4.0,-5.0,77.0,4.0
2014-07-10,-1.0,4.0,-4.0,78.0,4.0
2014-07-11,-1.0,3.0,-4.0,81.0,4.0
2014-07-12,1.0,5.0,-4.0,10.0,0.0
2014-07-13,1.0,4.0,-4.0,21.0,1.0
2014-07-14,1.0,5.0,-3.0,120.0,6.0
2014-07-15,-1.0,4.0,-4.0,183.0,9.0
2014-07-16,1.0,4.0,-4.0,80.0,4.0
2014-07-17,1.0,5.0,-4.0,83.0,4.0
2014-07-18,1.0,5.0,-3.0,63.0,3.0
2014-07-19,2.0,5.0,-2.0,13.0,0.0
2014-07-20,2.0,5.0,-2.0,16.0,0.0
2014-07-21,1.0,5.0,-4.0,60.0,3.0
2014-07-22,-1.0,4.0,-4.0,66.0,3.0
2014-07-23,-1.0,3.0,-5.0,75.0,3.0
2014-07-24,-1.0,4.0,-5.0,55.0,2.0
2014-07-25,-1.0,4.0,-5.0,63.0,3.0
2014-07-26,-2.0,2.0,-5.0,41.0,2.0
2014-07-27,-3.0,2.0,-5.0,22.0,1.0
2014-07-28,-1.0,4.0,-5.0,79.0,4.0
2014-07-29,-1.0,4.0,-5.0,72.0,3.0
2014-07-30,1.0,5.0,-4.0,50.0,2.0
2014-07-31,-2.0,3.0,-5.0,79.0,4.0
2014-08-01,2.0,5.0,-3.0,63.0,3.0
2014-08-02,-1.0,4.0,-5.0,6.0,0.0
2014-08-03,4.0,5.0,2.0,10.0,0.0
2014-08-04,1.0,5.0,-3.0,58.0,3.0
2014-08-05,-1.0,3.0,-5.0,77.0,4.0
2014-08-06,1.0,5.0,-4.0,62.0,3.0
2014-08-07,-1.0,4.0,-5.0,91.0,4.0
2014-08-08,1.0,4.0,-4.0,68.0,3.0
2014-08-09,1.0,4.0,-4.0,16.0,0.0
2014-08-10,-2.0,3.0,-5.0,10.0,0.0
2014-08-11,2.0,5.0,-3.0,44.0,2.0
2014-08-12,1.0,5.0,-4.0,42.0,2.0
2014-08-13,-1.0,4.0,-5.0,72.0,3.0
2014-08-14,-1.0,4.0,-5.0,54.0,5.0
2014-08-15,1.0,5.0,-3.0,42.0,4.0
2014-08-16,2.0,5.0,-3.0,19.0,2.0
2014-08-17,-1.0,4.0,-5.0,16.0,1.0
2014-08-18,1.0,5.0,-4.0,68.0,7.0
2014-08-19,1.0,5.0,-4.0,60.0,6.0
2014-08-20,1.0,5.0,-4.0,59.0,6.0
2014-08-21,2.0,5.0,-3.0,71.0,7.0
2014-08-22,-2.0,3.0,-5.0,82.0,9.0
2014-08-23,-3.0,2.0,-5.0,15.0,1.0
2014-08-24,-1.0,5.0,-5.0,8.0,0.0
2014-08-25,2.0,5.0,-2.0,49.0,5.0
2014-08-26,1.0,5.0,-4.0,55.0,6.0
2014-08-27,2.0,5.0,-3.0,41.0,4.0
2014-08-28,1.0,5.0,-3.0,53.0,5.0
2014-08-29,-1.0,3.0,-5.0,58.0,6.0
2014-08-30,1.0,4.0,-4.0,13.0,1.0
2014-08-31,2.0,2.0,1.0,2.0,0.0
2014-09-01,-1.0,4.0,-5.0,23.0,2.0
2014-09-02,-1.0,4.0,-5.0,81.0,8.0
2014-09-03,1.0,4.0,-4.0,113.0,10.0
2014-09-04,-1.0,4.0,-5.0,127.0,10.0
2014-09-05,-1.0,4.0,-5.0,88.0,6.0
2014-09-06,2.0,5.0,-3.0,14.0,1.0
2014-09-07,-2.0,3.0,-5.0,4.0,0.0
2014-09-08,1.0,5.0,-3.0,77.0,6.0
2014-09-09,-1.0,4.0,-5.0,84.0,6.0
2014-09-10,-1.0,4.0,-5.0,112.0,8.0
2014-09-11,-1.0,4.0,-4.0,73.0,5.0
2014-09-12,-1.0,3.0,-5.0,76.0,5.0
2014-09-13,-1.0,3.0,-4.0,8.0,0.0
2014-09-14,2.0,5.0,-3.0,12.0,0.0
2014-09-15,1.0,5.0,-4.0,80.0,6.0
2014-09-16,1.0,5.0,-4.0,61.0,4.0
2014-09-17,2.0,5.0,-3.0,93.0,7.0
2014-09-18,1.0,5.0,-3.0,96.0,7.0
2014-09-19,1.0,5.0,-4.0,89.0,7.0
2014-09-20,-1.0,4.0,-5.0,9.0,0.0
2014-09-21,-2.0,2.0,-4.0,14.0,1.0
2014-09-22,1.0,5.0,-3.0,67.0,5.0
2014-09-23,1.0,5.0,-4.0,69.0,5.0
2014-09-24,1.0,4.0,-4.0,90.0,7.0
2014-09-25,2.0,5.0,-3.0,93.0,7.0
2014-09-26,-1.0,4.0,-5.0,103.0,8.0
2014-09-27,-3.0,1.0,-5.0,30.0,2.0
2014-09-28,-1.0,3.0,-4.0,35.0,2.0
2014-09-29,1.0,5.0,-4.0,78.0,6.0
2014-09-30,-1.0,4.0,-5.0,71.0,5.0
2014-10-01,-1.0,4.0,-4.0,108.0,8.0
2014-10-02,1.0,5.0,-4.0,86.0,6.0
2014-10-03,1.0,5.0,-4.0,83.0,6.0
2014-10-04,-1.0,5.0,-5.0,15.0,1.0
2014-10-05,-1.0,3.0,-4.0,15.0,1.0
2014-10-06,1.0,4.0,-4.0,91.0,8.0
2014-10-07,1.0,5.0,-4.0,105.0,9.0
2014-10-08,-1.0,4.0,-4.0,63.0,5.0
2014-10-09,1.0,5.0,-4.0,46.0,4.0
2014-10-10,-1.0,3.0,-5.0,48.0,4.0
2014-10-11,-2.0,3.0,-5.0,30.0,2.0
2014-10-12,-1.0,3.0,-5.0,16.0,1.0
2014-10-13,-3.0,2.0,-5.0,33.0,3.0
2014-10-14,-1.0,4.0,-4.0,36.0,3.0
2014-10-15,-1.0,4.0,-4.0,73.0,6.0
2014-10-16,-1.0,4.0,-5.0,181.0,10.0
2014-10-17,-1.0,4.0,-5.0,139.0,7.0
2014-10-18,2.0,5.0,-3.0,19.0,1.0
2014-10-19,-1.0,3.0,-5.0,23.0,1.0
2014-10-20,1.0,4.0,-4.0,81.0,4.0
2014-10-21,2.0,5.0,-3.0,50.0,2.0
2014-10-22,-1.0,4.0,-5.0,72.0,3.0
2014-10-23,-1.0,3.0,-5.0,65.0,3.0
2014-10-24,-1.0,4.0,-5.0,57.0,3.0
2014-10-25,-3.0,1.0,-5.0,13.0,0.0
2014-10-26,-2.0,2.0,-5.0,30.0,1.0
2014-10-27,-4.0,-1.0,-5.0,184.0,10.0
2014-10-28,-1.0,3.0,-5.0,138.0,7.0
2014-10-29,-1.0,3.0,-5.0,84.0,4.0
2014-10-30,1.0,5.0,-4.0,104.0,5.0
2014-10-31,1.0,5.0,-3.0,65.0,3.0
2014-11-01,2.0,5.0,-3.0,23.0,1.0
2014-11-02,1.0,5.0,-4.0,14.0,0.0
2014-11-03,1.0,5.0,-4.0,69.0,3.0
2014-11-04,1.0,4.0,-4.0,57.0,3.0
2014-11-05,-1.0,4.0,-4.0,79.0,4.0
2014-11-06,1.0,5.0,-4.0,68.0,3.0
2014-11-07,2.0,5.0,-3.0,66.0,3.0
2014-11-08,1.0,4.0,-2.0,19.0,1.0
2014-11-09,1.0,4.0,-4.0,10.0,0.0
2014-11-10,-1.0,4.0,-5.0,87.0,4.0
2014-11-11,2.0,5.0,-3.0,70.0,3.0
2014-11-12,1.0,5.0,-4.0,79.0,4.0
2014-11-13,-1.0,4.0,-4.0,98.0,5.0
2014-11-14,2.0,5.0,-2.0,78.0,4.0
2014-11-15,2.0,5.0,-3.0,10.0,0.0
2014-11-16,2.0,5.0,-2.0,10.0,0.0
2014-11-17,1.0,5.0,-4.0,87.0,4.0
2014-11-18,-1.0,3.0,-5.0,93.0,5.0
2014-11-19,-1.0,3.0,-5.0,94.0,5.0
2014-11-20,-2.0,3.0,-5.0,172.0,9.0
2014-11-21,-1.0,3.0,-5.0,149.0,8.0
2014-11-22,-2.0,2.0,-5.0,16.0,0.0
2014-11-23,-1.0,4.0,-5.0,14.0,0.0
2014-11-24,1.0,5.0,-4.0,76.0,4.0
2014-11-25,1.0,5.0,-4.0,71.0,3.0
2014-11-26,-1.0,4.0,-5.0,44.0,2.0
2014-11-27,1.0,5.0,-5.0,13.0,0.0
2014-11-28,1.0,5.0,-4.0,9.0,0.0
2014-11-29,2.0,5.0,-4.0,3.0,0.0
2014-11-30,5.0,5.0,5.0,1.0,0.0
2014-12-01,-1.0,4.0,-4.0,22.0,1.0
2014-12-02,1.0,5.0,-4.0,21.0,1.0
2014-12-03,1.0,5.0,-4.0,26.0,1.0
2014-12-04,1.0,5.0,-3.0,16.0,0.0
2014-12-05,2.0,5.0,-3.0,13.0,0.0
2014-12-06,-1.0,4.0,-5.0,3.0,0.0
2014-12-07,-4.0,-3.0,-5.0,6.0,0.0
2014-12-08,1.0,4.0,-4.0,8.0,0.0
2014-12-09,-2.0,3.0,-5.0,19.0,1.0
2014-12-10,-1.0,4.0,-4.0,21.0,1.0
2014-12-11,-1.0,4.0,-4.0,102.0,5.0
2014-12-12,-1.0,4.0,-5.0,79.0,4.0
2014-12-13,-2.0,3.0,-5.0,23.0,1.0
2014-12-14,1.0,5.0,-4.0,9.0,0.0
2014-12-15,-1.0,4.0,-5.0,54.0,3.0
2014-12-16,-1.0,3.0,-5.0,124.0,7.0
2014-12-17,-1.0,4.0,-4.0,63.0,3.0
2014-12-18,1.0,4.0,-4.0,98.0,5.0
2014-12-19,-1.0,4.0,-5.0,80.0,4.0
2014-12-20,-1.0,3.0,-5.0,14.0,0.0
2014-12-21,-1.0,3.0,-4.0,34.0,2.0
2014-12-22,-1.0,4.0,-4.0,85.0,6.0
2014-12-23,2.0,5.0,-3.0,114.0,9.0
2014-12-24,2.0,5.0,-3.0,72.0,5.0
2014-12-25,1.0,5.0,-5.0,15.0,1.0
2014-12-26,1.0,5.0,-4.0,35.0,2.0
2014-12-27,-1.0,3.0,-4.0,14.0,1.0
2014-12-28,1.0,4.0,-3.0,16.0,1.0
2014-12-29,1.0,4.0,-3.0,54.0,4.0
2014-12-30,2.0,5.0,-3.0,74.0,5.0
2014-12-31,2.0,5.0,-2.0,43.0,3.0
2015-01-01,1.0,5.0,-4.0,28.0,2.0
2015-01-02,1.0,5.0,-4.0,29.0,2.0
2015-01-03,4.0,5.0,2.0,10.0,0.0
2015-01-04,3.0,5.0,-1.0,8.0,0.0
2015-01-05,-1.0,4.0,-5.0,73.0,5.0
2015-01-06,-2.0,2.0,-5.0,135.0,10.0
2015-01-07,-1.0,3.0,-5.0,79.0,5.0
2015-01-08,1.0,5.0,-3.0,76.0,5.0
2015-01-09,-1.0,4.0,-4.0,103.0,7.0
2015-01-10,1.0,5.0,-4.0,11.0,0.0
2015-01-11,-2.0,2.0,-5.0,21.0,1.0
2015-01-12,-4.0,-2.0,-5.0,190.0,10.0
2015-01-13,-2.0,2.0,-5.0,172.0,9.0
2015-01-14,-1.0,4.0,-5.0,118.0,6.0
2015-01-15,-2.0,3.0,-5.0,120.0,6.0
2015-01-16,-3.0,1.0,-5.0,169.0,8.0
2015-01-17,-2.0,2.0,-5.0,13.0,0.0
2015-01-18,-1.0,4.0,-5.0,16.0,0.0
2015-01-19,-2.0,2.0,-5.0,43.0,2.0
2015-01-20,-1.0,3.0,-5.0,75.0,3.0
2015-01-21,-1.0,4.0,-4.0,82.0,4.0
2015-01-22,-1.0,4.0,-5.0,97.0,5.0
2015-01-23,1.0,5.0,-4.0,75.0,3.0
2015-01-24,1.0,4.0,-4.0,37.0,1.0
2015-01-25,1.0,5.0,-3.0,22.0,1.0
2015-01-26,-2.0,3.0,-5.0,48.0,2.0
2015-01-27,-1.0,3.0,-5.0,50.0,2.0
2015-01-28,-2.0,2.0,-5.0,69.0,3.0
2015-01-29,-1.0,4.0,-4.0,52.0,2.0
2015-01-30,1.0,5.0,-4.0,56.0,2.0
2015-01-31,-1.0,3.0,-5.0,13.0,0.0
2015-02-01,-2.0,3.0,-5.0,14.0,0.0
2015-02-02,1.0,4.0,-4.0,61.0,3.0
2015-02-03,1.0,5.0,-4.0,67.0,3.0
2015-02-04,1.0,5.0,-4.0,63.0,3.0
2015-02-05,1.0,5.0,-4.0,47.0,2.0
2015-02-06,1.0,5.0,-4.0,69.0,3.0
2015-02-07,-1.0,3.0,-4.0,30.0,1.0
2015-02-08,-1.0,4.0,-4.0,22.0,1.0
2015-02-09,1.0,5.0,-3.0,63.0,3.0
2015-02-10,1.0,5.0,-3.0,77.0,4.0
2015-02-11,1.0,5.0,-4.0,94.0,5.0
2015-02-12,1.0,5.0,-4.0,85.0,5.0
2015-02-13,-2.0,3.0,-5.0,47.0,2.0
2015-02-14,-2.0,2.0,-5.0,17.0,1.0
2015-02-15,1.0,4.0,-4.0,10.0,1.0
2015-02-16,-2.0,2.0,-5.0,36.0,3.0
2015-02-17,-1.0,3.0,-5.0,37.0,3.0
2015-02-18,1.0,5.0,-4.0,49.0,5.0
2015-02-19,-2.0,3.0,-5.0,77.0,7.0
2015-02-20,1.0,4.0,-4.0,36.0,3.0
2015-02-21,-1.0,4.0,-4.0,18.0,1.0
2015-02-22,1.0,5.0,-5.0,5.0,0.0
2015-02-23,-3.0,2.0,-5.0,100.0,10.0
2015-02-24,1.0,5.0,-4.0,55.0,5.0
2015-02-25,1.0,4.0,-4.0,34.0,3.0
2015-02-26,-1.0,4.0,-5.0,43.0,4.0
2015-02-27,-1.0,4.0,-5.0,47.0,4.0
2015-02-28,-1.0,4.0,-5.0,20.0,2.0
2015-03-01,-2.0,3.0,-5.0,11.0,1.0
2015-03-02,-1.0,3.0,-5.0,32.0,3.0
2015-03-03,-1.0,4.0,-5.0,59.0,5.0
2015-03-04,-1.0,4.0,-4.0,54.0,5.0
2015-03-05,-1.0,4.0,-4.0,118.0,10.0
2015-03-06,-1.0,4.0,-5.0,68.0,5.0
2015-03-07,-2.0,2.0,-5.0,26.0,2.0
2015-03-08,-1.0,4.0,-5.0,7.0,0.0
2015-03-09,-2.0,2.0,-5.0,126.0,10.0
2015-03-10,-2.0,3.0,-5.0,80.0,6.0
2015-03-11,-1.0,4.0,-5.0,139.0,10.0
2015-03-12,-1.0,3.0,-5.0,71.0,5.0
2015-03-13,-1.0,3.0,-5.0,62.0,4.0
2015-03-14,-4.0,-2.0,-5.0,7.0,0.0
2015-03-15,-2.0,3.0,-5.0,22.0,1.0
2015-03-16,-2.0,3.0,-5.0,106.0,7.0
2015-03-17,1.0,5.0,-4.0,47.0,3.0
2015-03-18,-1.0,4.0,-5.0,65.0,4.0
2015-03-19,-1.0,3.0,-5.0,59.0,4.0
2015-03-20,1.0,4.0,-4.0,42.0,3.0
2015-03-21,3.0,5.0,1.0,9.0,0.0
2015-03-22,1.0,5.0,-4.0,12.0,0.0
2015-03-23,1.0,5.0,-4.0,62.0,4.0
2015-03-24,-2.0,3.0,-5.0,64.0,4.0
2015-03-25,-1.0,3.0,-5.0,69.0,4.0
2015-03-26,1.0,4.0,-4.0,77.0,5.0
2015-03-27,-2.0,2.0,-5.0,97.0,6.0
2015-03-28,-2.0,3.0,-5.0,17.0,1.0
2015-03-29,-3.0,2.0,-5.0,12.0,0.0
2015-03-30,-1.0,3.0,-5.0,64.0,4.0
2015-03-31,1.0,5.0,-4.0,86.0,6.0
2015-04-01,-1.0,4.0,-5.0,70.0,5.0
2015-04-02,-1.0,3.0,-5.0,59.0,4.0
2015-04-03,2.0,5.0,-4.0,25.0,1.0
2015-04-04,-1.0,4.0,-4.0,15.0,1.0
2015-04-05,-1.0,5.0,-5.0,7.0,0.0
2015-04-06,1.0,5.0,-4.0,40.0,2.0
2015-04-07,-1.0,4.0,-4.0,118.0,8.0
2015-04-08,-2.0,3.0,-5.0,76.0,5.0
2015-04-09,1.0,5.0,-3.0,53.0,3.0
2015-04-10,1.0,5.0,-4.0,51.0,4.0
2015-04-11,1.0,5.0,-4.0,11.0,0.0
2015-04-12,1.0,5.0,-4.0,14.0,1.0
2015-04-13,-1.0,4.0,-4.0,105.0,8.0
2015-04-14,1.0,4.0,-4.0,69.0,5.0
2015-04-15,1.0,4.0,-4.0,107.0,9.0
2015-04-16,1.0,5.0,-4.0,148.0,10.0
2015-04-17,-1.0,4.0,-4.0,80.0,5.0
2015-04-18,2.0,5.0,-3.0,16.0,1.0
2015-04-19,-3.0,1.0,-5.0,15.0,1.0
2015-04-20,-1.0,4.0,-5.0,109.0,7.0
2015-04-21,1.0,4.0,-4.0,66.0,4.0
2015-04-22,1.0,5.0,-4.0,75.0,5.0
2015-04-23,1.0,5.0,-4.0,43.0,2.0
2015-04-24,1.0,5.0,-4.0,47.0,3.0
2015-04-25,-2.0,4.0,-5.0,5.0,0.0
2015-04-26,1.0,5.0,-5.0,6.0,0.0
2015-04-27,1.0,5.0,-4.0,56.0,3.0
2015-04-28,-1.0,4.0,-4.0,53.0,3.0
2015-04-29,-2.0,3.0,-5.0,97.0,6.0
2015-04-30,-1.0,4.0,-5.0,73.0,4.0
2015-05-01,-1.0,4.0,-5.0,60.0,4.0
2015-05-02,1.0,5.0,-4.0,16.0,1.0
2015-05-03,-1.0,4.0,-5.0,21.0,1.0
2015-05-04,-2.0,3.0,-5.0,32.0,2.0
2015-05-05,-1.0,4.0,-4.0,68.0,4.0
2015-05-06,1.0,4.0,-4.0,55.0,3.0
2015-05-07,1.0,4.0,-4.0,61.0,4.0
2015-05-08,1.0,5.0,-4.0,47.0,3.0
2015-05-09,1.0,5.0,-3.0,15.0,1.0
2015-05-10,1.0,4.0,-3.0,31.0,2.0
2015-05-11,-1.0,4.0,-5.0,85.0,5.0
2015-05-12,-1.0,3.0,-5.0,108.0,7.0
2015-05-13,2.0,5.0,-3.0,58.0,3.0
2015-05-14,1.0,4.0,-4.0,59.0,3.0
2015-05-15,2.0,5.0,-3.0,78.0,5.0
2015-05-16,1.0,5.0,-4.0,29.0,2.0
2015-05-17,1.0,5.0,-4.0,17.0,1.0
2015-05-18,-1.0,3.0,-5.0,116.0,10.0
2015-05-19,-1.0,4.0,-5.0,73.0,6.0
2015-05-20,-1.0,4.0,-4.0,98.0,8.0
2015-05-21,-1.0,3.0,-5.0,68.0,5.0
2015-05-22,-1.0,4.0,-4.0,68.0,5.0
2015-05-23,-1.0,3.0,-5.0,28.0,2.0
2015-05-24,2.0,5.0,-3.0,18.0,1.0
2015-05-25,-1.0,4.0,-4.0,29.0,2.0
2015-05-26,-1.0,4.0,-4.0,83.0,7.0
2015-05-27,1.0,4.0,-4.0,47.0,4.0
2015-05-28,1.0,4.0,-4.0,92.0,7.0
2015-05-29,-1.0,4.0,-4.0,93.0,8.0
2015-05-30,-1.0,4.0,-5.0,21.0,1.0
2015-05-31,-1.0,4.0,-4.0,16.0,1.0
2015-06-01,1.0,5.0,-4.0,83.0,7.0
2015-06-02,-1.0,4.0,-4.0,77.0,6.0
2015-06-03,1.0,4.0,-4.0,84.0,7.0
2015-06-04,-1.0,4.0,-5.0,92.0,7.0
2015-06-05,1.0,5.0,-4.0,72.0,6.0
2015-06-06,1.0,5.0,-4.0,18.0,1.0
2015-06-07,1.0,5.0,-4.0,9.0,0.0
2015-06-08,1.0,5.0,-4.0,71.0,6.0
2015-06-09,1.0,5.0,-4.0,75.0,6.0
2015-06-10,1.0,5.0,-3.0,82.0,7.0
2015-06-11,1.0,5.0,-4.0,93.0,8.0
2015-06-12,1.0,5.0,-4.0,83.0,7.0
2015-06-13,-2.0,3.0,-5.0,16.0,1.0
2015-06-14,-2.0,1.0,-5.0,17.0,1.0
2015-06-15,1.0,5.0,-4.0,46.0,3.0
2015-06-16,1.0,5.0,-4.0,76.0,6.0
2015-06-17,2.0,5.0,-3.0,104.0,10.0
2015-06-18,1.0,5.0,-4.0,103.0,9.0
2015-06-19,1.0,5.0,-4.0,75.0,7.0
2015-06-20,1.0,5.0,-3.0,22.0,2.0
2015-06-21,1.0,4.0,-3.0,20.0,1.0
2015-06-22,1.0,5.0,-4.0,80.0,7.0
2015-06-23,1.0,5.0,-3.0,70.0,6.0
2015-06-24,1.0,5.0,-3.0,96.0,9.0
2015-06-25,1.0,5.0,-3.0,88.0,8.0
2015-06-26,2.0,5.0,-3.0,77.0,7.0
2015-06-27,4.0,5.0,2.0,21.0,2.0
2015-06-28,-2.0,3.0,-5.0,26.0,2.0
2015-06-29,-2.0,3.0,-5.0,67.0,6.0
2015-06-30,-1.0,3.0,-5.0,71.0,6.0
2015-07-01,2.0,5.0,-3.0,71.0,6.0
2015-07-02,-2.0,3.0,-5.0,75.0,7.0
2015-07-03,-3.0,1.0,-5.0,47.0,4.0
2015-07-04,-1.0,4.0,-5.0,10.0,0.0
2015-07-05,-2.0,3.0,-5.0,11.0,1.0
2015-07-06,-2.0,2.0,-5.0,87.0,8.0
2015-07-07,-1.0,3.0,-4.0,66.0,6.0
2015-07-08,-2.0,2.0,-5.0,61.0,5.0
2015-07-09,1.0,4.0,-4.0,91.0,8.0
2015-07-10,1.0,5.0,-3.0,65.0,6.0
2015-07-11,-3.0,-1.0,-5.0,10.0,0.0
2015-07-12,-2.0,3.0,-5.0,4.0,0.0
2015-07-13,1.0,5.0,-3.0,76.0,7.0
2015-07-14,1.0,5.0,-4.0,56.0,5.0
2015-07-15,-2.0,2.0,-5.0,87.0,8.0
2015-07-16,-1.0,4.0,-5.0,172.0,10.0
2015-07-17,2.0,5.0,-2.0,55.0,3.0
2015-07-18,1.0,5.0,-3.0,12.0,0.0
2015-07-19,1.0,5.0,-4.0,11.0,0.0
2015-07-20,-1.0,4.0,-5.0,90.0,5.0
2015-07-21,1.0,5.0,-4.0,68.0,3.0
2015-07-22,-1.0,3.0,-5.0,91.0,5.0
2015-07-23,1.0,4.0,-4.0,102.0,5.0
2015-07-24,-2.0,2.0,-5.0,97.0,5.0
2015-07-25,-1.0,4.0,-4.0,24.0,1.0
2015-07-26,2.0,5.0,-3.0,23.0,1.0
2015-07-27,-1.0,4.0,-4.0,68.0,3.0
2015-07-28,1.0,4.0,-4.0,84.0,4.0
2015-07-29,1.0,5.0,-4.0,66.0,3.0
2015-07-30,1.0,5.0,-3.0,78.0,4.0
2015-07-31,1.0,5.0,-3.0,71.0,4.0
2015-08-01,-1.0,4.0,-5.0,29.0,1.0
2015-08-02,2.0,5.0,-3.0,15.0,0.0
2015-08-03,1.0,5.0,-3.0,73.0,4.0
2015-08-04,1.0,5.0,-4.0,78.0,4.0
2015-08-05,2.0,5.0,-2.0,63.0,3.0
2015-08-06,-2.0,3.0,-5.0,96.0,5.0
2015-08-07,-1.0,3.0,-5.0,85.0,4.0
2015-08-08,-1.0,3.0,-5.0,20.0,1.0
2015-08-09,-1.0,3.0,-4.0,26.0,1.0
2015-08-10,1.0,4.0,-4.0,55.0,3.0
2015-08-11,-1.0,4.0,-5.0,67.0,3.0
2015-08-12,-1.0,4.0,-4.0,142.0,8.0
2015-08-13,2.0,5.0,-3.0,103.0,5.0
2015-08-14,-1.0,4.0,-5.0,118.0,6.0
2015-08-15,1.0,5.0,-4.0,26.0,1.0
2015-08-16,-2.0,2.0,-5.0,14.0,0.0
2015-08-17,1.0,4.0,-4.0,107.0,7.0
2015-08-18,-1.0,3.0,-5.0,72.0,5.0
2015-08-19,1.0,5.0,-5.0,56.0,3.0
2015-08-20,-1.0,4.0,-5.0,38.0,2.0
2015-08-21,-1.0,4.0,-5.0,43.0,3.0
2015-08-22,-3.0,1.0,-5.0,12.0,0.0
2015-08-23,-4.0,1.0,-5.0,14.0,0.0
2015-08-24,-2.0,3.0,-5.0,59.0,4.0
2015-08-25,-3.0,2.0,-5.0,86.0,6.0
2015-08-26,-1.0,4.0,-5.0,62.0,4.0
2015-08-27,-1.0,4.0,-5.0,63.0,4.0
2015-08-28,-2.0,3.0,-5.0,30.0,2.0
2015-08-29,1.0,5.0,-4.0,12.0,0.0
2015-08-30,-1.0,4.0,-5.0,11.0,0.0
2015-08-31,-2.0,3.0,-5.0,60.0,4.0
2015-09-01,-1.0,4.0,-5.0,33.0,2.0
2015-09-02,-2.0,3.0,-5.0,52.0,3.0
2015-09-03,1.0,4.0,-4.0,48.0,3.0
2015-09-04,-1.0,3.0,-4.0,87.0,6.0
2015-09-05,1.0,4.0,-3.0,13.0,0.0
2015-09-06,2.0,5.0,-3.0,17.0,1.0
2015-09-07,1.0,5.0,-4.0,8.0,0.0
2015-09-08,0.0,0.0,0.0,0.0,0.0
2015-09-09,0.0,0.0,0.0,0.0,0.0
2015-09-10,0.0,0.0,0.0,0.0,0.0
2015-09-11,0.0,0.0,0.0,0.0,0.0
2015-09-12,-2.0,2.0,-5.0,48.0,4.0
2015-09-13,-1.0,4.0,-4.0,60.0,5.0
2015-09-14,-2.0,3.0,-5.0,230.0,10.0
2015-09-15,1.0,5.0,-4.0,235.0,10.0
2015-09-16,1.0,5.0,-3.0,215.0,9.0
2015-09-17,1.0,4.0,-4.0,239.0,10.0
2015-09-18,-1.0,4.0,-5.0,204.0,8.0
2015-09-19,-1.0,4.0,-5.0,58.0,2.0
2015-09-20,-2.0,3.0,-5.0,29.0,1.0
2015-09-21,-1.0,4.0,-4.0,165.0,6.0
2015-09-22,-2.0,2.0,-5.0,220.0,9.0
2015-09-23,-2.0,3.0,-5.0,128.0,5.0
2015-09-24,-1.0,4.0,-5.0,135.0,5.0
2015-09-25,1.0,5.0,-4.0,127.0,5.0
2015-09-26,-1.0,4.0,-4.0,68.0,2.0
2015-09-27,-1.0,4.0,-5.0,52.0,2.0
2015-09-28,-2.0,3.0,-5.0,162.0,6.0
2015-09-29,-1.0,4.0,-5.0,201.0,8.0
2015-09-30,-1.0,4.0,-4.0,150.0,6.0
2015-10-01,1.0,5.0,-3.0,190.0,7.0
2015-10-02,-1.0,4.0,-4.0,29.0,1.0
2015-10-03,0.0,0.0,0.0,0.0,0.0
2015-10-04,1.0,5.0,-4.0,37.0,6.0
2015-10-05,1.0,5.0,-4.0,130.0,9.0
2015-10-06,-1.0,4.0,-4.0,192.0,8.0
2015-10-07,-1.0,4.0,-4.0,194.0,8.0
2015-10-08,-1.0,4.0,-5.0,167.0,6.0
2015-10-09,1.0,5.0,-4.0,215.0,9.0
2015-10-10,-1.0,3.0,-5.0,80.0,7.0
2015-10-11,1.0,5.0,-4.0,44.0,7.0
2015-10-12,-1.0,4.0,-4.0,271.0,10.0
2015-10-13,-1.0,4.0,-5.0,292.0,9.0
2015-10-14,-1.0,3.0,-5.0,331.0,10.0
2015-10-15,-1.0,4.0,-5.0,434.0,10.0
2015-10-16,-1.0,4.0,-5.0,366.0,7.0
2015-10-17,-1.0,4.0,-5.0,99.0,5.0
2015-10-18,-1.0,3.0,-5.0,50.0,5.0
2015-10-19,-1.0,4.0,-5.0,313.0,9.0
2015-10-20,-1.0,4.0,-4.0,206.0,4.0
2015-10-21,1.0,5.0,-3.0,169.0,3.0
2015-10-22,-1.0,4.0,-5.0,149.0,3.0
2015-10-23,-1.0,4.0,-5.0,222.0,4.0
2015-10-24,1.0,4.0,-4.0,86.0,4.0
2015-10-25,-1.0,4.0,-5.0,49.0,4.0
2015-10-26,-1.0,4.0,-5.0,185.0,6.0
2015-10-27,-1.0,4.0,-5.0,197.0,4.0
2015-10-28,-1.0,4.0,-5.0,94.0,2.0
2015-10-29,-1.0,4.0,-4.0,114.0,2.0
2015-10-30,-1.0,4.0,-5.0,154.0,3.0
2015-10-31,-1.0,3.0,-5.0,67.0,3.0
2015-11-01,-2.0,3.0,-5.0,57.0,3.0
2015-11-02,-1.0,4.0,-4.0,156.0,6.0
2015-11-03,1.0,5.0,-4.0,148.0,3.0
2015-11-04,-1.0,4.0,-4.0,146.0,3.0
2015-11-05,-1.0,4.0,-5.0,142.0,3.0
2015-11-06,-1.0,4.0,-5.0,189.0,4.0
2015-11-07,-1.0,4.0,-5.0,52.0,3.0
2015-11-08,-1.0,4.0,-5.0,23.0,2.0
2015-11-09,-2.0,3.0,-5.0,36.0,2.0
2015-11-10,-1.0,3.0,-5.0,83.0,1.0
2015-11-11,1.0,5.0,-4.0,94.0,2.0
2015-11-12,2.0,5.0,-4.0,13.0,0.0
2015-11-13,-1.0,4.0,-4.0,42.0,0.0
2015-11-14,1.0,5.0,-3.0,46.0,2.0
2015-11-15,-1.0,4.0,-5.0,28.0,2.0
2015-11-16,-1.0,3.0,-5.0,108.0,5.0
2015-11-17,-1.0,4.0,-5.0,88.0,2.0
2015-11-18,2.0,5.0,-3.0,135.0,6.0
2015-11-19,-1.0,4.0,-4.0,171.0,8.0
2015-11-20,-1.0,4.0,-5.0,125.0,5.0
2015-11-21,1.0,5.0,-3.0,43.0,4.0
2015-11-22,1.0,4.0,-4.0,32.0,5.0
2015-11-23,-2.0,3.0,-5.0,66.0,6.0
2015-11-24,-1.0,4.0,-5.0,98.0,4.0
2015-11-25,1.0,5.0,-4.0,127.0,6.0
2015-11-26,0.0,0.0,0.0,0.0,0.0
2015-11-27,1.0,5.0,-3.0,70.0,3.0
2015-11-28,1.0,5.0,-4.0,19.0,10.0
2015-11-29,-1.0,4.0,-4.0,36.0,6.0
2015-11-30,1.0,4.0,-4.0,78.0,6.0
2015-12-01,1.0,5.0,-4.0,98.0,10.0
2015-12-02,-1.0,4.0,-4.0,79.0,10.0
2015-12-03,-1.0,4.0,-5.0,147.0,10.0
2015-12-04,-1.0,4.0,-5.0,120.0,10.0
2015-12-05,-1.0,4.0,-5.0,34.0,10.0
2015-12-06,2.0,5.0,-3.0,21.0,10.0
2015-12-07,1.0,4.0,-4.0,33.0,5.0
2015-12-08,-1.0,4.0,-5.0,134.0,8.0
2015-12-09,-2.0,3.0,-5.0,112.0,6.0
2015-12-10,0.0,0.0,0.0,0.0,0.0
2015-12-11,-2.0,3.0,-5.0,131.0,7.0
2015-12-12,-1.0,4.0,-4.0,48.0,7.0
2015-12-13,0.0,0.0,0.0,0.0,0.0
2015-12-14,0.0,0.0,0.0,0.0,0.0
2015-12-15,1.0,4.0,-4.0,118.0,7.0
2015-12-16,1.0,4.0,-3.0,104.0,6.0
2015-12-17,0.0,0.0,0.0,0.0,0.0
2015-12-18,-2.0,3.0,-5.0,147.0,8.0
2015-12-19,0.0,0.0,0.0,0.0,0.0
2015-12-20,0.0,0.0,0.0,0.0,0.0
2015-12-21,0.0,0.0,0.0,0.0,0.0
2015-12-22,0.0,0.0,0.0,0.0,0.0
2015-12-23,0.0,0.0,0.0,0.0,0.0
2015-12-24,-1.0,3.0,-5.0,61.0,4.0
2015-12-25,-2.0,3.0,-5.0,31.0,2.0
2015-12-26,1.0,5.0,-3.0,25.0,2.0
2015-12-27,0.0,0.0,0.0,0.0,0.0
2015-12-28,0.0,0.0,0.0,0.0,0.0
2015-12-29,0.0,0.0,0.0,0.0,0.0
2015-12-30,0.0,0.0,0.0,0.0,0.0
2015-12-31,-3.0,2.0,-5.0,104.0,6.0
2016-01-01,0.0,0.0,0.0,0.0,0.0
2016-01-02,2.0,5.0,-2.0,20.0,3.0
2016-01-03,0.0,0.0,0.0,0.0,0.0
2016-01-04,0.0,0.0,0.0,0.0,0.0
2016-01-05,-1.0,4.0,-4.0,129.0,8.0
2016-01-06,0.0,0.0,0.0,0.0,0.0
2016-01-07,0.0,0.0,0.0,0.0,0.0
2016-01-08,-1.0,3.0,-5.0,143.0,9.0
2016-01-09,0.0,0.0,0.0,0.0,0.0
2016-01-10,0.0,0.0,0.0,0.0,0.0
2016-01-11,0.0,0.0,0.0,0.0,0.0
2016-01-12,-2.0,2.0,-5.0,111.0,7.0
2016-01-13,0.0,0.0,0.0,0.0,0.0
2016-01-14,0.0,0.0,0.0,0.0,0.0
2016-01-15,0.0,0.0,0.0,0.0,0.0
2016-01-16,-1.0,4.0,-5.0,84.0,9.0
2016-01-17,0.0,0.0,0.0,0.0,0.0
2016-01-18,0.0,0.0,0.0,0.0,0.0
2016-01-19,0.0,0.0,0.0,0.0,0.0
2016-01-20,0.0,0.0,0.0,0.0,0.0
2016-01-21,-2.0,3.0,-5.0,163.0,7.0
2016-01-22,-2.0,3.0,-5.0,154.0,6.0
2016-01-23,0.0,0.0,0.0,0.0,0.0
2016-01-24,0.0,0.0,0.0,0.0,0.0
2016-01-25,-2.0,3.0,-5.0,116.0,8.0
2016-01-26,0.0,0.0,0.0,0.0,0.0
2016-01-27,0.0,0.0,0.0,0.0,0.0
2016-01-28,0.0,0.0,0.0,0.0,0.0
2016-01-29,0.0,0.0,0.0,0.0,0.0
2016-01-30,0.0,0.0,0.0,0.0,0.0
2016-01-31,0.0,0.0,0.0,0.0,0.0
2016-02-01,0.0,0.0,0.0,0.0,0.0
2016-02-02,0.0,0.0,0.0,0.0,0.0
2016-02-03,0.0,0.0,0.0,0.0,0.0
2016-02-04,0.0,0.0,0.0,0.0,0.0
2016-02-05,-1.0,4.0,-4.0,202.0,8.0
2016-02-06,0.0,0.0,0.0,0.0,0.0
2016-02-07,0.0,0.0,0.0,0.0,0.0
2016-02-08,-2.0,3.0,-5.0,136.0,10.0
2016-02-09,0.0,0.0,0.0,0.0,0.0
2016-02-10,0.0,0.0,0.0,0.0,0.0
2016-02-11,0.0,0.0,0.0,0.0,0.0
2016-02-12,0.0,0.0,0.0,0.0,0.0
2016-02-13,0.0,0.0,0.0,0.0,0.0
2016-02-14,0.0,0.0,0.0,0.0,0.0
2016-02-15,0.0,0.0,0.0,0.0,0.0
2016-02-16,0.0,0.0,0.0,0.0,0.0
2016-02-17,0.0,0.0,0.0,0.0,0.0
2016-02-18,0.0,0.0,0.0,0.0,0.0
2016-02-19,0.0,0.0,0.0,0.0,0.0
2016-02-20,0.0,0.0,0.0,0.0,0.0
2016-02-21,0.0,0.0,0.0,0.0,0.0
2016-02-22,0.0,0.0,0.0,0.0,0.0
2016-02-23,0.0,0.0,0.0,0.0,0.0
2016-02-24,0.0,0.0,0.0,0.0,0.0
2016-02-25,0.0,0.0,0.0,0.0,0.0
2016-02-26,0.0,0.0,0.0,0.0,0.0
2016-02-27,0.0,0.0,0.0,0.0,0.0
2016-02-28,0.0,0.0,0.0,0.0,0.0
2016-02-29,0.0,0.0,0.0,0.0,0.0
2016-03-01,0.0,0.0,0.0,0.0,0.0
2016-03-02,0.0,0.0,0.0,0.0,0.0
2016-03-03,0.0,0.0,0.0,0.0,0.0
2016-03-04,0.0,0.0,0.0,0.0,0.0
2016-03-05,0.0,0.0,0.0,0.0,0.0
2016-03-06,0.0,0.0,0.0,0.0,0.0
2016-03-07,0.0,0.0,0.0,0.0,0.0
2016-03-08,0.0,0.0,0.0,0.0,0.0
2016-03-09,0.0,0.0,0.0,0.0,0.0
2016-03-10,0.0,0.0,0.0,0.0,0.0
2016-03-11,0.0,0.0,0.0,0.0,0.0
2016-03-12,0.0,0.0,0.0,0.0,0.0
2016-03-13,0.0,0.0,0.0,0.0,0.0
2016-03-14,0.0,0.0,0.0,0.0,0.0
2016-03-15,0.0,0.0,0.0,0.0,0.0
2016-03-16,0.0,0.0,0.0,0.0,0.0
2016-03-17,0.0,0.0,0.0,0.0,0.0
2016-03-18,0.0,0.0,0.0,0.0,0.0
2016-03-19,0.0,0.0,0.0,0.0,0.0
2016-03-20,0.0,0.0,0.0,0.0,0.0
2016-03-21,0.0,0.0,0.0,0.0,0.0
2016-03-22,0.0,0.0,0.0,0.0,0.0
2016-03-23,0.0,0.0,0.0,0.0,0.0
2016-03-24,0.0,0.0,0.0,0.0,0.0
2016-03-25,0.0,0.0,0.0,0.0,0.0
2016-03-26,0.0,0.0,0.0,0.0,0.0
2016-03-27,0.0,0.0,0.0,0.0,0.0
2016-03-28,0.0,0.0,0.0,0.0,0.0
2016-03-29,0.0,0.0,0.0,0.0,0.0
2016-03-30,0.0,0.0,0.0,0.0,0.0
2016-03-31,0.0,0.0,0.0,0.0,0.0
2016-04-01,0.0,0.0,0.0,0.0,0.0
2016-04-04,0.0,0.0,0.0,0.0,0.0
2016-04-05,0.0,0.0,0.0,0.0,0.0
2016-04-06,0.0,0.0,0.0,0.0,0.0
2016-04-07,0.0,0.0,0.0,0.0,0.0
2016-04-08,0.0,0.0,0.0,0.0,0.0
2016-04-11,0.0,0.0,0.0,0.0,0.0
2016-04-12,0.0,0.0,0.0,0.0,0.0
2016-04-13,0.0,0.0,0.0,0.0,0.0
2016-04-14,0.0,0.0,0.0,0.0,0.0
2016-04-15,0.0,0.0,0.0,0.0,0.0
2016-04-25,0.0,0.0,0.0,0.0,0.0
2016-04-26,0.0,0.0,0.0,0.0,0.0
2016-04-27,1.0,5.0,-3.0,101.0,4.0
2016-04-28,0.0,0.0,0.0,0.0,0.0
2016-04-29,-1.0,4.0,-4.0,72.0,3.0
2016-05-02,0.0,0.0,0.0,0.0,0.0
2016-05-03,0.0,0.0,0.0,0.0,0.0
2016-05-04,0.0,0.0,0.0,0.0,0.0
2016-05-05,0.0,0.0,0.0,0.0,0.0
2016-05-06,0.0,0.0,0.0,0.0,0.0
2016-05-23,0.0,0.0,0.0,0.0,0.0
2016-05-24,0.0,0.0,0.0,0.0,0.0
2016-05-25,0.0,0.0,0.0,0.0,0.0
2016-05-26,0.0,0.0,0.0,0.0,0.0
2016-05-27,0.0,0.0,0.0,0.0,0.0
